ID,GB_ACC,adj.P.Val,P.Value,t,B,logFC,SPOT_ID,ingested_at
SOCS3,NM_003955.4,0.0663,0.000131,4.30919,1.052,0.911145,,2026-04-21T13:38:22.490663+00:00
PIK3R1,NM_181504.2,0.0663,0.000298,4.02618,0.329,0.62328,,2026-04-21T13:38:22.490663+00:00
TNFAIP3,NM_006290.2,0.0663,0.000313,4.00898,0.286,0.961649,,2026-04-21T13:38:22.490663+00:00
ECHS1,NM_004092.3,0.143,0.000947,-3.6183,-0.685,-0.280607,,2026-04-21T13:38:22.490663+00:00
MAP3K8,NM_001244134.1,0.143,0.001126,3.55581,-0.837,0.626563,,2026-04-21T13:38:22.490663+00:00
MAPK3,NM_001040056.1,0.287,0.00297,-3.19892,-1.682,-0.324488,,2026-04-21T13:38:22.490663+00:00
RORA,NM_002943.3,0.287,0.003164,3.17522,-1.737,0.548991,,2026-04-21T13:38:22.490663+00:00
CEACAM3,NM_001815.3,0.3282,0.004596,3.03312,-2.06,0.982821,,2026-04-21T13:38:22.490663+00:00
CD69,NM_001781.1,0.3282,0.004957,3.004,-2.125,0.674367,,2026-04-21T13:38:22.490663+00:00
YES1,NM_005433.3,0.3282,0.005169,2.98783,-2.161,0.619744,,2026-04-21T13:38:22.490663+00:00
HLA-DQA1,NM_002122.3,0.332,0.006491,-2.89915,-2.357,-3.48693,,2026-04-21T13:38:22.490663+00:00
CEACAM1,NM_001712.4,0.332,0.006546,2.89582,-2.364,0.730645,,2026-04-21T13:38:22.490663+00:00
ARG1,NM_000045.3,0.332,0.008194,2.80714,-2.556,1.03974,,2026-04-21T13:38:22.490663+00:00
SLC2A3/14,NM_006931.2,0.332,0.009094,2.76556,-2.645,0.366103,,2026-04-21T13:38:22.490663+00:00
CCR2,NM_001123041.2,0.332,0.00948,-2.74887,-2.681,-0.584392,,2026-04-21T13:38:22.490663+00:00
CBLB,NM_170662.3,0.332,0.010283,2.71612,-2.75,0.40609,,2026-04-21T13:38:22.490663+00:00
HLA-DQB1,NM_002123.3,0.332,0.010465,-2.70903,-2.765,-3.07243,,2026-04-21T13:38:22.490663+00:00
BRWD1,NM_001007246.2,0.332,0.011287,2.67834,-2.829,0.464502,,2026-04-21T13:38:22.490663+00:00
BATF,NM_006399.3,0.332,0.011298,-2.67795,-2.83,-0.392659,,2026-04-21T13:38:22.490663+00:00
ID2,NM_002166.4,0.332,0.01165,2.66547,-2.856,0.31219,,2026-04-21T13:38:22.490663+00:00
CCNT1,NM_001240.2,0.332,0.012438,2.63874,-2.912,0.366977,,2026-04-21T13:38:22.490663+00:00
JARID2,NM_001267040.1,0.332,0.012698,2.63024,-2.929,0.290887,,2026-04-21T13:38:22.490663+00:00
ICOSLG,NM_015259.5,0.332,0.013044,2.61921,-2.952,0.51928,,2026-04-21T13:38:22.490663+00:00
CCL2,NM_002982.3,0.332,0.013358,-2.60942,-2.972,-0.815938,,2026-04-21T13:38:22.490663+00:00
FCAR,NM_133278.2,0.332,0.015117,2.55821,-3.077,0.63912,,2026-04-21T13:38:22.490663+00:00
GADD45A,NM_001199741.1,0.332,0.01632,2.52626,-3.141,0.477186,,2026-04-21T13:38:22.490663+00:00
TRPM7,NM_017672.4,0.332,0.016889,2.51189,-3.17,0.354277,,2026-04-21T13:38:22.490663+00:00
PTPN6,NM_002831.5,0.332,0.01702,-2.50865,-3.176,-0.286543,,2026-04-21T13:38:22.490663+00:00
CD180,NM_005582.2,0.332,0.017719,-2.49171,-3.21,-0.473431,,2026-04-21T13:38:22.490663+00:00
PPP2CB,NM_001009552.1,0.332,0.018771,-2.46734,-3.259,-0.271491,,2026-04-21T13:38:22.490663+00:00
PPM1A,NM_021003.4,0.332,0.019213,2.45747,-3.278,0.207952,,2026-04-21T13:38:22.490663+00:00
DCTN6,NM_006571.3,0.332,0.020222,2.4357,-3.321,0.248357,,2026-04-21T13:38:22.490663+00:00
PPP2R5A,NM_001199756.1,0.332,0.020615,-2.42748,-3.337,-0.237071,,2026-04-21T13:38:22.490663+00:00
CD200R1,NM_138806.3,0.332,0.020927,-2.42107,-3.35,-0.448084,,2026-04-21T13:38:22.490663+00:00
CD27,NM_001242.4,0.332,0.020938,-2.42083,-3.35,-0.434736,,2026-04-21T13:38:22.490663+00:00
IRF2,NM_002199.3,0.332,0.021004,-2.4195,-3.353,-0.292988,,2026-04-21T13:38:22.490663+00:00
RRAS,NM_006270.3,0.332,0.021552,-2.40847,-3.374,-0.429655,,2026-04-21T13:38:22.490663+00:00
TICAM1,NM_014261.1,0.332,0.021808,-2.40339,-3.384,-0.258669,,2026-04-21T13:38:22.490663+00:00
VAV3,NM_001079874.1,0.332,0.02237,2.39247,-3.405,0.325685,,2026-04-21T13:38:22.490663+00:00
ALDOA,NM_000034.3,0.332,0.022594,-2.38817,-3.414,-0.208768,,2026-04-21T13:38:22.490663+00:00
MMP9,NM_004994.2,0.332,0.022669,2.38674,-3.416,0.757363,,2026-04-21T13:38:22.490663+00:00
SF3B1,NM_001005526.1,0.332,0.022962,2.38121,-3.427,0.265166,,2026-04-21T13:38:22.490663+00:00
CISH,NM_145071.2,0.332,0.023896,-2.36397,-3.46,-0.629724,,2026-04-21T13:38:22.490663+00:00
TNFRSF1A,NM_001065.2,0.332,0.024645,-2.35059,-3.486,-0.357582,,2026-04-21T13:38:22.490663+00:00
JAK1,NM_002227.1,0.332,0.024774,2.34834,-3.49,0.192438,,2026-04-21T13:38:22.490663+00:00
CXCL1/2/3,NM_002090.3,0.332,0.025881,2.3293,-3.527,0.633694,,2026-04-21T13:38:22.490663+00:00
SLC7A5,NM_003486.5,0.332,0.026254,2.32306,-3.538,0.419703,,2026-04-21T13:38:22.490663+00:00
CD4,NM_000616.4,0.332,0.027492,-2.30288,-3.577,-0.266969,,2026-04-21T13:38:22.490663+00:00
MCL1,NM_021960.5,0.332,0.02757,2.30164,-3.579,0.221175,,2026-04-21T13:38:22.490663+00:00
TRIM33,NM_015906.3,0.332,0.027901,2.29639,-3.589,0.318876,,2026-04-21T13:38:22.490663+00:00
CLCF1,NM_013246.2,0.332,0.027993,2.29495,-3.592,0.411851,,2026-04-21T13:38:22.490663+00:00
SOCS1,NM_003745.1,0.332,0.028181,2.29199,-3.597,0.390479,,2026-04-21T13:38:22.490663+00:00
AK4,NM_001005353.1,0.332,0.029242,2.27571,-3.628,0.297476,,2026-04-21T13:38:22.490663+00:00
PIK3CA,NM_006218.2,0.332,0.029788,2.26753,-3.643,0.28548,,2026-04-21T13:38:22.490663+00:00
IL27RA,NM_004843.3,0.332,0.029893,-2.26597,-3.646,-0.279315,,2026-04-21T13:38:22.490663+00:00
CNTF,NM_000614.4,0.332,0.029988,2.26457,-3.649,0.373615,,2026-04-21T13:38:22.490663+00:00
MS4A1,NM_152866.2,0.332,0.030368,2.25898,-3.659,0.501583,,2026-04-21T13:38:22.490663+00:00
DNM1L,NM_001278463.1,0.332,0.030621,2.25531,-3.666,0.21001,,2026-04-21T13:38:22.490663+00:00
STAT4,NM_003151.2,0.332,0.030845,2.25208,-3.672,0.330468,,2026-04-21T13:38:22.490663+00:00
PRDM1,NM_182907.1,0.3324,0.031411,2.24399,-3.687,0.371264,,2026-04-21T13:38:22.490663+00:00
BCL6,NM_001706.2,0.3407,0.032732,2.22563,-3.721,0.502562,,2026-04-21T13:38:22.490663+00:00
CYP26C1,NM_183374.2,0.3424,0.033433,2.21615,-3.738,0.474213,,2026-04-21T13:38:22.490663+00:00
PML,NM_033238.2,0.3437,0.03431,2.20453,-3.759,0.184006,,2026-04-21T13:38:22.490663+00:00
KDM3A,NM_018433.6,0.3437,0.034645,2.20017,-3.767,0.260651,,2026-04-21T13:38:22.490663+00:00
HLA-DRB1/3,NM_002124.3,0.3471,0.036319,-2.17891,-3.806,-0.648808,,2026-04-21T13:38:22.490663+00:00
JUNB,NM_002229.2,0.3471,0.036949,2.17113,-3.82,0.493912,,2026-04-21T13:38:22.490663+00:00
JUN,NM_002228.4,0.3471,0.03715,2.16868,-3.825,0.771353,,2026-04-21T13:38:22.490663+00:00
PLCG2,NM_002661.2,0.3471,0.037228,2.16772,-3.826,0.457401,,2026-04-21T13:38:22.490663+00:00
PKN2,NM_006256.1,0.3471,0.037792,2.1609,-3.839,0.30057,,2026-04-21T13:38:22.490663+00:00
TOX,NM_014729.2,0.3471,0.038266,2.15524,-3.849,0.386522,,2026-04-21T13:38:22.490663+00:00
ITPR2,NM_002223.2,0.3504,0.040124,2.13364,-3.888,0.311163,,2026-04-21T13:38:22.490663+00:00
BLK,NM_001715.2,0.3504,0.040455,2.12988,-3.894,0.362288,,2026-04-21T13:38:22.490663+00:00
TAX1BP1,NM_001206901.1,0.3504,0.041738,2.11558,-3.92,0.20889,,2026-04-21T13:38:22.490663+00:00
PSMB10,NM_002801.3,0.3504,0.041816,-2.11472,-3.921,-0.20767,,2026-04-21T13:38:22.490663+00:00
TPP2,NM_003291.2,0.3504,0.041889,2.11392,-3.923,0.255026,,2026-04-21T13:38:22.490663+00:00
JUND,NM_005354.4,0.3504,0.041934,2.11343,-3.924,0.306145,,2026-04-21T13:38:22.490663+00:00
MAP2K2,NM_030662.3,0.3581,0.043424,-2.09735,-3.952,-0.184074,,2026-04-21T13:38:22.490663+00:00
ATR,NM_001184.2,0.3654,0.044887,2.08205,-3.979,0.319121,,2026-04-21T13:38:22.490663+00:00
HEY1,NM_012258.3,0.3669,0.045821,2.0725,-3.996,0.502446,,2026-04-21T13:38:22.490663+00:00
IL1R2,NM_173343.1,0.3669,0.046225,2.06843,-4.003,0.796886,,2026-04-21T13:38:22.490663+00:00
PIAS1,NM_016166.1,0.3677,0.047152,2.05919,-4.019,0.169862,,2026-04-21T13:38:22.490663+00:00
IL6R,NM_000565.2,0.3677,0.048241,-2.04855,-4.037,-0.250597,,2026-04-21T13:38:22.490663+00:00
RHEB,NM_005614.3,0.3677,0.048629,-2.04479,-4.044,-0.192886,,2026-04-21T13:38:22.490663+00:00
USP15,NM_001252078.1,0.3677,0.048638,2.04471,-4.044,0.311254,,2026-04-21T13:38:22.490663+00:00
CXCR3,NM_001504.1,0.368,0.049262,-2.03875,-4.054,-0.349467,,2026-04-21T13:38:22.490663+00:00
GK,NM_000167.3,0.3713,0.050822,2.02413,-4.079,0.417162,,2026-04-21T13:38:22.490663+00:00
ZBTB16,NM_006006.4,0.3713,0.050873,2.02365,-4.08,0.520228,,2026-04-21T13:38:22.490663+00:00
TNFSF10,NM_003810.2,0.3714,0.051876,-2.01446,-4.096,-0.367024,,2026-04-21T13:38:22.490663+00:00
AIFM1,NM_004208.2,0.3714,0.052061,-2.01278,-4.099,-0.173438,,2026-04-21T13:38:22.490663+00:00
DRAP1,NM_006442.2,0.3908,0.055394,-1.9834,-4.149,-0.206913,,2026-04-21T13:38:22.490663+00:00
PPP2CA,NM_002715.2,0.3923,0.056835,-1.97118,-4.169,-0.185216,,2026-04-21T13:38:22.490663+00:00
NFIL3,NM_001289999.1,0.3923,0.056838,1.97116,-4.169,0.378751,,2026-04-21T13:38:22.490663+00:00
NFKBIA,NM_020529.1,0.3937,0.05813,1.96043,-4.187,0.40019,,2026-04-21T13:38:22.490663+00:00
PBX3,NM_006195.5,0.3937,0.058279,1.9592,-4.189,0.251476,,2026-04-21T13:38:22.490663+00:00
PIK3CB,NM_006219.1,0.4061,0.060756,1.93923,-4.223,0.216285,,2026-04-21T13:38:22.490663+00:00
IL2RA,NM_000417.2,0.4122,0.062628,1.9246,-4.247,0.396656,,2026-04-21T13:38:22.490663+00:00
NFAT5,NM_173214.1,0.4122,0.063433,1.91843,-4.257,0.325239,,2026-04-21T13:38:22.490663+00:00
DUSP1,NM_004417.2,0.4122,0.064355,1.91143,-4.268,0.490725,,2026-04-21T13:38:22.490663+00:00
CD33,NM_001177608.1,0.4122,0.064436,-1.91082,-4.269,-0.507403,,2026-04-21T13:38:22.490663+00:00
ADORA2A,NM_000675.3,0.4122,0.065874,-1.9001,-4.287,-0.276591,,2026-04-21T13:38:22.490663+00:00
CCNT2,NM_058241.2,0.4122,0.065913,1.89982,-4.287,0.218455,,2026-04-21T13:38:22.490663+00:00
SMAD3,NM_001145104.1,0.4122,0.066215,1.89759,-4.291,0.237625,,2026-04-21T13:38:22.490663+00:00
HCST,NM_001007469.1,0.4124,0.0669,-1.89258,-4.299,-0.182837,,2026-04-21T13:38:22.490663+00:00
ROCK1,NM_005406.1,0.4229,0.070172,1.86922,-4.337,0.245273,,2026-04-21T13:38:22.490663+00:00
CD80,NM_005191.3,0.4229,0.070495,1.86696,-4.341,0.345332,,2026-04-21T13:38:22.490663+00:00
TRDC,,0.4229,0.071251,-1.86172,-4.349,-0.412094,ENST00000390477.1,2026-04-21T13:38:22.490663+00:00
IL12A,NM_000882.2,0.4229,0.071253,1.86171,-4.349,0.357384,,2026-04-21T13:38:22.490663+00:00
ATF4,NM_001675.2,0.4447,0.075639,1.83219,-4.396,0.159226,,2026-04-21T13:38:22.490663+00:00
TRDV2,,0.4452,0.077414,-1.82067,-4.415,-0.833317,ENST00000390469.1,2026-04-21T13:38:22.490663+00:00
XCL1/2,NM_002995.2,0.4452,0.07766,-1.81908,-4.417,-0.347812,,2026-04-21T13:38:22.490663+00:00
FCER1G,NM_004106.1,0.4452,0.077826,-1.81802,-4.419,-0.351295,,2026-04-21T13:38:22.490663+00:00
CD274,NM_014143.3,0.4475,0.078929,-1.811,-4.43,-0.146942,,2026-04-21T13:38:22.490663+00:00
MIF,NM_002415.1,0.4484,0.079789,-1.80559,-4.438,-0.22335,,2026-04-21T13:38:22.490663+00:00
ZFP36L2,NM_006887.4,0.4485,0.080522,1.80101,-4.445,0.31817,,2026-04-21T13:38:22.490663+00:00
OAS2,NM_016817.2,0.4545,0.082462,-1.78906,-4.464,-0.181583,,2026-04-21T13:38:22.490663+00:00
FZD2,NM_001466.2,0.4545,0.083021,-1.78566,-4.469,-0.354302,,2026-04-21T13:38:22.490663+00:00
KIR2DS1/4,NM_014512.1,0.4694,0.086777,1.76332,-4.504,0.900174,,2026-04-21T13:38:22.490663+00:00
KIR2DL5A/B,NM_020535.3,0.4694,0.087223,1.76072,-4.508,0.821386,,2026-04-21T13:38:22.490663+00:00
CRTAM,NM_019604.2,0.474,0.088833,-1.75143,-4.522,-0.274657,,2026-04-21T13:38:22.490663+00:00
SESN3,NM_001271594.1,0.4787,0.092496,1.73081,-4.553,0.296473,,2026-04-21T13:38:22.490663+00:00
PSME2,NM_002818.2,0.4787,0.092993,-1.72807,-4.558,-0.136101,,2026-04-21T13:38:22.490663+00:00
CSF3R,NM_000760.3,0.4787,0.093164,1.72713,-4.559,0.448252,,2026-04-21T13:38:22.490663+00:00
ITGAV,NM_002210.2,0.4787,0.094125,1.72186,-4.567,0.352765,,2026-04-21T13:38:22.490663+00:00
FADD,NM_003824.3,0.4787,0.09437,-1.72053,-4.569,-0.247639,,2026-04-21T13:38:22.490663+00:00
KIR3DL1/2,NM_001322168.1,0.4787,0.094886,1.71773,-4.573,0.433155,,2026-04-21T13:38:22.490663+00:00
DTX4,NM_015177.1,0.4787,0.094983,1.7172,-4.574,0.293697,,2026-04-21T13:38:22.490663+00:00
CAMK2D,NM_172127.1,0.4793,0.095859,1.71248,-4.581,0.196274,,2026-04-21T13:38:22.490663+00:00
PPP1CB,NM_002709.2,0.4817,0.097096,1.70587,-4.591,0.122315,,2026-04-21T13:38:22.490663+00:00
CSF1R,NM_005211.3,0.4842,0.098634,-1.69775,-4.603,-0.393035,,2026-04-21T13:38:22.490663+00:00
VDAC1,NM_003374.3,0.4842,0.099127,-1.69517,-4.607,-0.164771,,2026-04-21T13:38:22.490663+00:00
GSK3B,NM_002093.2,0.4927,0.101641,1.68218,-4.626,0.153663,,2026-04-21T13:38:22.490663+00:00
MRAS,NM_012219.4,0.509,0.105798,-1.66127,-4.657,-0.345387,,2026-04-21T13:38:22.490663+00:00
TNFSF9,NM_003811.3,0.5108,0.107406,1.65336,-4.668,0.334174,,2026-04-21T13:38:22.490663+00:00
BAX,NM_138761.3,0.5108,0.107933,-1.65079,-4.672,-0.124857,,2026-04-21T13:38:22.490663+00:00
IRAK4,NM_001114182.1,0.5108,0.108592,1.64759,-4.677,0.187798,,2026-04-21T13:38:22.490663+00:00
PTPN22,NM_012411.5,0.5122,0.110189,1.6399,-4.688,0.224782,,2026-04-21T13:38:22.490663+00:00
OAS1,NM_001032409.1,0.5122,0.110934,-1.63635,-4.693,-0.367416,,2026-04-21T13:38:22.490663+00:00
VTCN1,NM_001253849.1,0.5122,0.111554,-1.63341,-4.697,-0.265683,,2026-04-21T13:38:22.490663+00:00
NFKB2,NM_002502.2,0.5122,0.11213,1.63069,-4.701,0.170676,,2026-04-21T13:38:22.490663+00:00
ALDH1A1,NM_000689.4,0.5128,0.113052,-1.62635,-4.708,-0.484805,,2026-04-21T13:38:22.490663+00:00
TLR7,NM_016562.3,0.5137,0.114056,-1.62166,-4.714,-0.345528,,2026-04-21T13:38:22.490663+00:00
YY1,NM_003403.3,0.514,0.11494,-1.61756,-4.72,-0.108386,,2026-04-21T13:38:22.490663+00:00
OSM,NM_020530.4,0.5257,0.118715,1.60036,-4.745,0.458698,,2026-04-21T13:38:22.490663+00:00
CTLA4,NM_005214.3,0.5257,0.119672,1.59606,-4.751,0.291601,,2026-04-21T13:38:22.490663+00:00
TRAC,,0.5257,0.120049,-1.59438,-4.753,-0.261933,ENST00000611116.1,2026-04-21T13:38:22.490663+00:00
ITGB3,NM_000212.2,0.5385,0.123807,1.57783,-4.776,0.498427,,2026-04-21T13:38:22.490663+00:00
PSMB9,NM_002800.4,0.541,0.126064,-1.56809,-4.79,-0.13442,,2026-04-21T13:38:22.490663+00:00
MYSM1,NM_001085487.2,0.541,0.126085,1.568,-4.79,0.173547,,2026-04-21T13:38:22.490663+00:00
LAIR1,NM_001289023.2,0.5423,0.127237,-1.56308,-4.797,-0.142596,,2026-04-21T13:38:22.490663+00:00
CCR5,NM_000579.3,0.5512,0.130194,-1.55062,-4.814,-0.355837,,2026-04-21T13:38:22.490663+00:00
TIGIT,NM_173799.2,0.5539,0.131705,1.54434,-4.823,0.197282,,2026-04-21T13:38:22.490663+00:00
SELL,NM_000655.4,0.5551,0.133045,-1.53883,-4.83,-0.155662,,2026-04-21T13:38:22.490663+00:00
AKT3,NM_005465.4,0.5551,0.134173,1.53422,-4.837,0.204704,,2026-04-21T13:38:22.490663+00:00
CD3D,NM_000732.4,0.5551,0.134867,-1.53139,-4.841,-0.210722,,2026-04-21T13:38:22.490663+00:00
CD68,NM_001251.2,0.5551,0.135489,-1.52887,-4.844,-0.344534,,2026-04-21T13:38:22.490663+00:00
LCK,NM_005356.2,0.5569,0.136803,-1.52358,-4.851,-0.222241,,2026-04-21T13:38:22.490663+00:00
LAMTOR3,NM_001243736.1,0.56,0.138465,-1.51695,-4.86,-0.152213,,2026-04-21T13:38:22.490663+00:00
TIMP1,NM_003254.2,0.5655,0.140715,-1.50807,-4.872,-0.207029,,2026-04-21T13:38:22.490663+00:00
NOTCH2,NM_024408.3,0.5673,0.14204,-1.5029,-4.879,-0.203852,,2026-04-21T13:38:22.490663+00:00
HLA-DQB2,NM_001198858.1,0.5675,0.142992,-1.49921,-4.884,-0.475029,,2026-04-21T13:38:22.490663+00:00
PPP2R5E,NM_001282179.1,0.5743,0.145603,1.48917,-4.898,0.153333,,2026-04-21T13:38:22.490663+00:00
PRKAA1,NM_006251.5,0.5799,0.148125,1.47962,-4.91,0.127119,,2026-04-21T13:38:22.490663+00:00
TPSAB1/B2,NM_003294.3,0.5799,0.14951,1.47443,-4.917,0.457506,,2026-04-21T13:38:22.490663+00:00
CREBBP,NM_004380.2,0.5799,0.150314,1.47143,-4.921,0.156874,,2026-04-21T13:38:22.490663+00:00
GREM2,NM_022469.4,0.5799,0.150688,1.47004,-4.923,0.315955,,2026-04-21T13:38:22.490663+00:00
PTAFR,NM_000952.3,0.5843,0.15375,-1.45877,-4.938,-0.354325,,2026-04-21T13:38:22.490663+00:00
UBE2D1,NM_003338.4,0.5843,0.154615,-1.45561,-4.942,-0.232854,,2026-04-21T13:38:22.490663+00:00
CD84,NM_003874.3,0.5843,0.154636,1.45554,-4.942,0.159471,,2026-04-21T13:38:22.490663+00:00
PRKDC,NM_001081640.1,0.5843,0.155509,1.45237,-4.946,0.174414,,2026-04-21T13:38:22.490663+00:00
ITPR1,NM_001099952.2,0.5924,0.158603,1.44126,-4.96,0.17513,,2026-04-21T13:38:22.490663+00:00
CD38,NM_001775.2,0.5952,0.160489,-1.43456,-4.969,-0.203013,,2026-04-21T13:38:22.490663+00:00
INPP5D,NM_001017915.2,0.5952,0.161844,1.4298,-4.975,0.126832,,2026-04-21T13:38:22.490663+00:00
PPP3CC,NM_005605.4,0.5952,0.1629,1.4261,-4.98,0.455686,,2026-04-21T13:38:22.490663+00:00
RAC1,NM_006908.4,0.5952,0.163851,-1.42279,-4.984,-0.154322,,2026-04-21T13:38:22.490663+00:00
STAT5A,NM_003152.3,0.5952,0.165267,-1.41789,-4.991,-0.106621,,2026-04-21T13:38:22.490663+00:00
EFNA1,NM_182685.1,0.5952,0.166984,-1.41199,-4.998,-0.297454,,2026-04-21T13:38:22.490663+00:00
AQP7,NM_001170.2,0.5952,0.168301,1.4075,-5.004,0.357336,,2026-04-21T13:38:22.490663+00:00
CYLD,NM_001042412.1,0.5952,0.16881,1.40577,-5.006,0.160394,,2026-04-21T13:38:22.490663+00:00
CD163,NM_004244.4,0.5952,0.169151,-1.40461,-5.007,-0.352464,,2026-04-21T13:38:22.490663+00:00
TRBC1/2,,0.5952,0.169625,-1.40301,-5.009,-0.280393,ENST00000466254.1,2026-04-21T13:38:22.490663+00:00
BST2,NM_004335.2,0.5952,0.169661,-1.40289,-5.01,-0.162602,,2026-04-21T13:38:22.490663+00:00
CMKLR1,NM_004072.2,0.598,0.1714,-1.39703,-5.017,-0.244576,,2026-04-21T13:38:22.490663+00:00
PHC3,NM_024947.3,0.6,0.172911,1.39198,-5.023,0.152571,,2026-04-21T13:38:22.490663+00:00
FCRL2,NM_001159488.1,0.6008,0.174102,1.38803,-5.028,0.328999,,2026-04-21T13:38:22.490663+00:00
ACSL3,NM_203372.1,0.6096,0.177599,1.37653,-5.043,0.206373,,2026-04-21T13:38:22.490663+00:00
CXCL8,NM_000584.3,0.6183,0.181854,1.36278,-5.06,0.837075,,2026-04-21T13:38:22.490663+00:00
DAPP1,NM_014395.3,0.6183,0.182096,-1.36201,-5.061,-0.205145,,2026-04-21T13:38:22.490663+00:00
NFATC2,NM_012340.3,0.6224,0.184265,1.3551,-5.069,0.170001,,2026-04-21T13:38:22.490663+00:00
EHHADH,NM_001166415.1,0.6233,0.18738,-1.34529,-5.081,-0.248857,,2026-04-21T13:38:22.490663+00:00
SFN,NM_006142.3,0.6233,0.187427,1.34515,-5.081,0.258967,,2026-04-21T13:38:22.490663+00:00
EIF4B,NM_001417.4,0.6233,0.187491,-1.34495,-5.082,-0.109764,,2026-04-21T13:38:22.490663+00:00
ACACA,NM_198834.1,0.6312,0.191357,1.33295,-5.096,0.231232,,2026-04-21T13:38:22.490663+00:00
TGFB1,NM_000660.3,0.6312,0.191858,1.33141,-5.098,0.120616,,2026-04-21T13:38:22.490663+00:00
TREM2,NM_018965.3,0.6336,0.194199,1.32425,-5.107,0.273414,,2026-04-21T13:38:22.490663+00:00
LPL,NM_000237.2,0.6336,0.194564,-1.32314,-5.108,-0.354318,,2026-04-21T13:38:22.490663+00:00
CD70,NM_001252.2,0.6393,0.197312,1.31483,-5.118,0.257683,,2026-04-21T13:38:22.490663+00:00
NCF4,NM_000631.4,0.6398,0.198488,1.3113,-5.122,0.26242,,2026-04-21T13:38:22.490663+00:00
MALT1,NM_006785.2,0.6423,0.20164,1.30193,-5.133,0.122845,,2026-04-21T13:38:22.490663+00:00
SUMO1,NM_003352.4,0.6423,0.202059,1.30069,-5.135,0.144656,,2026-04-21T13:38:22.490663+00:00
CASP8,NM_001080124.1,0.6423,0.202304,1.29996,-5.135,0.190025,,2026-04-21T13:38:22.490663+00:00
IL21R,NM_181079.4,0.6494,0.205547,-1.29045,-5.147,-0.19185,,2026-04-21T13:38:22.490663+00:00
CARD16,NM_001017534.1,0.6508,0.207039,1.28612,-5.152,0.217759,,2026-04-21T13:38:22.490663+00:00
LILRA1,NM_001278318.1,0.6523,0.208521,-1.28183,-5.157,-0.280013,,2026-04-21T13:38:22.490663+00:00
SPAG9,NM_001130528.2,0.6545,0.210274,1.27679,-5.163,0.162978,,2026-04-21T13:38:22.490663+00:00
TOX2,NM_001098798.1,0.6546,0.211318,-1.27381,-5.166,-0.30713,,2026-04-21T13:38:22.490663+00:00
TYROBP,NM_003332.3,0.6594,0.21392,-1.26641,-5.175,-0.249232,,2026-04-21T13:38:22.490663+00:00
PSMC6,NM_002806.3,0.6685,0.219889,-1.24971,-5.194,-0.174155,,2026-04-21T13:38:22.490663+00:00
ANAPC4,NM_013367.2,0.6685,0.220196,1.24885,-5.195,0.21121,,2026-04-21T13:38:22.490663+00:00
TNFRSF14,NM_003820.3,0.6685,0.221786,-1.24446,-5.2,-0.131285,,2026-04-21T13:38:22.490663+00:00
PECAM1,NM_000442.3,0.6685,0.221826,-1.24436,-5.2,-0.205263,,2026-04-21T13:38:22.490663+00:00
VEGFA,NM_001025366.1,0.6685,0.222138,1.2435,-5.201,0.262296,,2026-04-21T13:38:22.490663+00:00
IL9R,XM_011531151.1,0.6753,0.22568,1.23382,-5.212,0.307171,,2026-04-21T13:38:22.490663+00:00
RASGRP3,NM_170672.2,0.6753,0.226761,1.23089,-5.215,0.213936,,2026-04-21T13:38:22.490663+00:00
VSIR,NM_022153.1,0.6753,0.227568,-1.2287,-5.218,-0.156612,,2026-04-21T13:38:22.490663+00:00
ICAM1,NM_000201.2,0.6808,0.231301,1.21868,-5.229,0.204279,,2026-04-21T13:38:22.490663+00:00
LPAR1,NM_001401.3,0.6808,0.231567,-1.21797,-5.23,-0.275433,,2026-04-21T13:38:22.490663+00:00
SIGLEC6,NM_001177548.1,0.6897,0.235752,-1.20689,-5.242,-0.250898,,2026-04-21T13:38:22.490663+00:00
CCNC,NM_005190.3,0.6897,0.236795,-1.20415,-5.245,-0.122955,,2026-04-21T13:38:22.490663+00:00
CD96,NM_005816.4,0.6901,0.238726,1.19911,-5.25,0.164825,,2026-04-21T13:38:22.490663+00:00
TRGV8,,0.6901,0.240513,-1.19446,-5.256,-0.293085,ENST00000390343.1,2026-04-21T13:38:22.490663+00:00
UCP1,NM_021833.4,0.6901,0.24173,-1.19131,-5.259,-0.236747,,2026-04-21T13:38:22.490663+00:00
KIR2DL1/2,NM_014219.2,0.6901,0.242774,1.18862,-5.262,0.37477,,2026-04-21T13:38:22.490663+00:00
PDGFD,NM_025208.4,0.6901,0.243179,1.18758,-5.263,0.229059,,2026-04-21T13:38:22.490663+00:00
ITGAX,NM_000887.4,0.6901,0.243694,1.18626,-5.264,0.212002,,2026-04-21T13:38:22.490663+00:00
IGHG1,,0.6901,0.247269,-1.17713,-5.274,-0.549179,ENST00000390542.1,2026-04-21T13:38:22.490663+00:00
LILRB3,NM_006864.3,0.6901,0.249029,-1.17267,-5.279,-0.247676,,2026-04-21T13:38:22.490663+00:00
TRIM2,NM_001302694.1,0.6901,0.249168,1.17232,-5.28,0.219375,,2026-04-21T13:38:22.490663+00:00
SCP2,NM_001007100.2,0.6901,0.251341,-1.16685,-5.285,-0.085907,,2026-04-21T13:38:22.490663+00:00
ITCH,NM_001257138.1,0.6901,0.251534,1.16636,-5.286,0.11886,,2026-04-21T13:38:22.490663+00:00
PCTP,NM_001102402.2,0.6901,0.252197,-1.1647,-5.288,-0.183106,,2026-04-21T13:38:22.490663+00:00
PDCD1LG2,NM_025239.3,0.6901,0.252823,1.16314,-5.289,0.222817,,2026-04-21T13:38:22.490663+00:00
SH2D1A,NM_002351.4,0.6901,0.253052,-1.16256,-5.29,-0.193577,,2026-04-21T13:38:22.490663+00:00
HDAC7,NM_001098416.2,0.6901,0.253223,-1.16214,-5.29,-0.130595,,2026-04-21T13:38:22.490663+00:00
NFATC3,NM_004555.2,0.697,0.256844,1.15314,-5.3,0.128105,,2026-04-21T13:38:22.490663+00:00
KRAS,NM_033360.2,0.7055,0.261085,1.14273,-5.311,0.080441,,2026-04-21T13:38:22.490663+00:00
GRB2,NM_002086.4,0.7067,0.266163,-1.13042,-5.324,-0.126053,,2026-04-21T13:38:22.490663+00:00
STAG2,NM_001042749.1,0.7067,0.266703,1.12912,-5.325,0.113525,,2026-04-21T13:38:22.490663+00:00
TAB2,NM_015093.3,0.7067,0.267231,1.12785,-5.327,0.101514,,2026-04-21T13:38:22.490663+00:00
CSH2/GH2,NM_020991.3,0.7067,0.267654,1.12683,-5.328,0.339283,,2026-04-21T13:38:22.490663+00:00
CASP9,XM_011542270.1,0.7067,0.26866,1.12443,-5.33,0.078525,,2026-04-21T13:38:22.490663+00:00
IDO1,NM_002164.5,0.7067,0.268923,-1.1238,-5.331,-0.23866,,2026-04-21T13:38:22.490663+00:00
AKT1,NM_001014432.1,0.7067,0.269334,1.12281,-5.332,0.08939,,2026-04-21T13:38:22.490663+00:00
LEF1,NM_016269.3,0.71,0.272248,-1.11588,-5.339,-0.235352,,2026-04-21T13:38:22.490663+00:00
CD3E,NM_000733.3,0.71,0.272822,-1.11452,-5.34,-0.154139,,2026-04-21T13:38:22.490663+00:00
GLS,NM_014905.3,0.7172,0.276708,1.10538,-5.35,0.148944,,2026-04-21T13:38:22.490663+00:00
TBL1XR1,NM_024665.4,0.7196,0.28043,1.0967,-5.358,0.112406,,2026-04-21T13:38:22.490663+00:00
LILRB4,NM_001278429.3,0.7196,0.280476,-1.0966,-5.359,-0.265542,,2026-04-21T13:38:22.490663+00:00
IL16,NM_004513.4,0.7196,0.281042,-1.09529,-5.36,-0.117987,,2026-04-21T13:38:22.490663+00:00
IL10,NM_000572.3,0.72,0.282317,1.09234,-5.363,0.310153,,2026-04-21T13:38:22.490663+00:00
IGKC,,0.7207,0.284623,-1.08703,-5.368,-0.371509,ENST00000390237.1,2026-04-21T13:38:22.490663+00:00
CD14,NM_000591.2,0.7207,0.284952,-1.08627,-5.369,-0.304072,,2026-04-21T13:38:22.490663+00:00
CPA3,NM_001870.2,0.7207,0.285993,1.08389,-5.371,0.283778,,2026-04-21T13:38:22.490663+00:00
UBE2I,NM_194260.2,0.7227,0.287944,-1.07944,-5.376,-0.127526,,2026-04-21T13:38:22.490663+00:00
CD19,XM_011545981.1,0.7277,0.292276,1.06963,-5.386,0.22551,,2026-04-21T13:38:22.490663+00:00
IL13RA1,NM_001560.3,0.7277,0.293176,-1.0676,-5.388,-0.253881,,2026-04-21T13:38:22.490663+00:00
LAMP1,NM_005561.3,0.7277,0.295289,-1.06286,-5.392,-0.091911,,2026-04-21T13:38:22.490663+00:00
HRAS,NM_005343.2,0.7277,0.296604,-1.05993,-5.395,-0.110277,,2026-04-21T13:38:22.490663+00:00
PDK4,NM_002612.3,0.7277,0.296983,-1.05908,-5.396,-0.368934,,2026-04-21T13:38:22.490663+00:00
NFKBIE,NM_004556.2,0.7277,0.29785,1.05715,-5.398,0.161958,,2026-04-21T13:38:22.490663+00:00
CDC14B,NM_001077181.1,0.7277,0.297973,1.05688,-5.398,0.151279,,2026-04-21T13:38:22.490663+00:00
TRDV1,,0.7467,0.307774,-1.03534,-5.419,-0.309619,ENST00000390452.1,2026-04-21T13:38:22.490663+00:00
CD101,NM_004258.3,0.7467,0.309231,-1.03218,-5.422,-0.276811,,2026-04-21T13:38:22.490663+00:00
ITGAE,NM_002208.4,0.7467,0.309268,-1.0321,-5.422,-0.160722,,2026-04-21T13:38:22.490663+00:00
UHRF1,NM_001290050.1,0.7493,0.311501,-1.02727,-5.427,-0.216137,,2026-04-21T13:38:22.490663+00:00
NFE2L2,NM_006164.3,0.7503,0.313262,1.02348,-5.43,0.114713,,2026-04-21T13:38:22.490663+00:00
OAT,NM_000274.3,0.7503,0.31454,-1.02074,-5.433,-0.079436,,2026-04-21T13:38:22.490663+00:00
FGF10,NM_004465.1,0.7503,0.315466,-1.01876,-5.435,-0.270249,,2026-04-21T13:38:22.490663+00:00
PPARG,NM_005037.5,0.7504,0.319165,1.01089,-5.442,0.132007,,2026-04-21T13:38:22.490663+00:00
BCL2,NM_000657.2,0.7504,0.320215,1.00867,-5.444,0.159187,,2026-04-21T13:38:22.490663+00:00
STIM1,NM_003156.4,0.7504,0.320921,1.00718,-5.446,0.132893,,2026-04-21T13:38:22.490663+00:00
MBD3,NM_001281453.2,0.7504,0.322612,1.00361,-5.449,0.223965,,2026-04-21T13:38:22.490663+00:00
PLSCR1,NM_021105.2,0.7504,0.323128,1.00253,-5.45,0.17936,,2026-04-21T13:38:22.490663+00:00
IRS1,NM_005544.2,0.7504,0.323384,1.00199,-5.45,0.184751,,2026-04-21T13:38:22.490663+00:00
HAVCR2,NM_032782.4,0.7504,0.323783,1.00115,-5.451,0.144136,,2026-04-21T13:38:22.490663+00:00
LILRB1,NM_001081637.1,0.755,0.326961,-0.9945,-5.457,-0.197238,,2026-04-21T13:38:22.490663+00:00
CCNB1,NM_031966.3,0.7564,0.332876,-0.98224,-5.469,-0.121812,,2026-04-21T13:38:22.490663+00:00
HGF,NM_000601.4,0.7564,0.332996,-0.98199,-5.469,-0.272435,,2026-04-21T13:38:22.490663+00:00
PIAS2,NM_004671.3,0.7564,0.336068,0.97569,-5.475,0.119813,,2026-04-21T13:38:22.490663+00:00
LAG3,NM_002286.5,0.7564,0.336805,-0.97418,-5.476,-0.195176,,2026-04-21T13:38:22.490663+00:00
KLRG1,NM_001329099.1,0.7564,0.337204,0.97336,-5.477,0.205302,,2026-04-21T13:38:22.490663+00:00
FCGR1A/B,NM_001017986.3,0.7564,0.337514,-0.97273,-5.477,-0.257689,,2026-04-21T13:38:22.490663+00:00
TRIM35,NM_171982.3,0.7564,0.337594,-0.97257,-5.477,-0.13591,,2026-04-21T13:38:22.490663+00:00
IGHD,,0.7564,0.33921,0.96928,-5.48,0.228178,ENST00000613640.1,2026-04-21T13:38:22.490663+00:00
IL1R1,NM_001320984.1,0.7564,0.339446,0.9688,-5.481,0.204858,,2026-04-21T13:38:22.490663+00:00
RICTOR,NM_152756.3,0.7564,0.339484,0.96872,-5.481,0.133971,,2026-04-21T13:38:22.490663+00:00
ACAT2,NM_005891.2,0.7564,0.340686,0.96628,-5.483,0.251711,,2026-04-21T13:38:22.490663+00:00
CCR1,NM_001295.2,0.7642,0.347034,-0.95348,-5.494,-0.221006,,2026-04-21T13:38:22.490663+00:00
CEBPB,NM_005194.4,0.7642,0.347533,0.95248,-5.495,0.164847,,2026-04-21T13:38:22.490663+00:00
PYCR2,NM_001271681.1,0.7642,0.348078,-0.95139,-5.496,-0.138814,,2026-04-21T13:38:22.490663+00:00
BID,NM_197966.2,0.7642,0.349009,-0.94953,-5.498,-0.136767,,2026-04-21T13:38:22.490663+00:00
B4GALT1,NM_001497.3,0.7648,0.350471,0.94662,-5.501,0.107842,,2026-04-21T13:38:22.490663+00:00
ITGB8,NM_002214.2,0.7689,0.353552,0.9405,-5.506,0.215138,,2026-04-21T13:38:22.490663+00:00
CCL4/L1,NM_002984.2,0.7735,0.357778,0.93217,-5.513,0.190485,,2026-04-21T13:38:22.490663+00:00
FASLG,NM_000639.1,0.7735,0.36017,-0.92749,-5.517,-0.182299,,2026-04-21T13:38:22.490663+00:00
ALDH1B1,NM_000692.3,0.7735,0.360238,-0.92736,-5.517,-0.12366,,2026-04-21T13:38:22.490663+00:00
ANGPT1,NM_001146.3,0.7735,0.362517,-0.92291,-5.521,-0.230903,,2026-04-21T13:38:22.490663+00:00
IGHG3,,0.7735,0.365672,-0.91679,-5.526,-0.369283,ENST00000390551.1,2026-04-21T13:38:22.490663+00:00
HDC,NM_002112.3,0.7735,0.366868,0.91447,-5.528,0.499499,,2026-04-21T13:38:22.490663+00:00
ORC2,NM_006190.3,0.7735,0.368817,0.91072,-5.532,0.104725,,2026-04-21T13:38:22.490663+00:00
IL7,NM_001199886.1,0.7735,0.371447,0.90567,-5.536,0.201973,,2026-04-21T13:38:22.490663+00:00
PTPN7,NM_001199797.1,0.7735,0.373398,-0.90193,-5.539,-0.111508,,2026-04-21T13:38:22.490663+00:00
AKT2,NM_001626.4,0.7735,0.374175,-0.90045,-5.54,-0.085308,,2026-04-21T13:38:22.490663+00:00
PPP3R1,NM_000945.3,0.7735,0.374916,-0.89904,-5.541,-0.091316,,2026-04-21T13:38:22.490663+00:00
IFIT1,NM_001548.3,0.7735,0.375313,-0.89828,-5.542,-0.227607,,2026-04-21T13:38:22.490663+00:00
NAA50,NM_025146.1,0.7735,0.375808,0.89734,-5.543,0.07448,,2026-04-21T13:38:22.490663+00:00
SESN2,NM_031459.4,0.7735,0.376643,0.89576,-5.544,0.187343,,2026-04-21T13:38:22.490663+00:00
IL6ST,NM_002184.2,0.7735,0.37777,0.89362,-5.546,0.156733,,2026-04-21T13:38:22.490663+00:00
TRGV3/5,,0.7735,0.379543,-0.89026,-5.549,-0.273607,ENST00000390346.1,2026-04-21T13:38:22.490663+00:00
FCER2,NM_002002.4,0.7735,0.3805,0.88846,-5.55,0.204916,,2026-04-21T13:38:22.490663+00:00
IFNG,NM_000619.2,0.7735,0.381166,-0.8872,-5.551,-0.257819,,2026-04-21T13:38:22.490663+00:00
HLA-DRA,NM_019111.3,0.7735,0.382253,-0.88515,-5.553,-0.168585,,2026-04-21T13:38:22.490663+00:00
IRF8,NM_002163.2,0.7735,0.382631,0.88444,-5.554,0.147873,,2026-04-21T13:38:22.490663+00:00
GZMA,NM_006144.2,0.7735,0.387622,-0.8751,-5.561,-0.163163,,2026-04-21T13:38:22.490663+00:00
PSMA6,NM_002791.2,0.7735,0.388026,-0.87435,-5.562,-0.089666,,2026-04-21T13:38:22.490663+00:00
LEPR,NM_001003679.1,0.7735,0.389168,0.87222,-5.564,0.153441,,2026-04-21T13:38:22.490663+00:00
HLA-DPB1,NM_002121.5,0.7735,0.389538,-0.87153,-5.564,-0.150005,,2026-04-21T13:38:22.490663+00:00
PPM1F,NM_014634.3,0.7735,0.391023,-0.86878,-5.566,-0.097586,,2026-04-21T13:38:22.490663+00:00
PTPRC,NM_080921.3,0.7735,0.391236,0.86838,-5.567,0.082806,,2026-04-21T13:38:22.490663+00:00
PRKCB,NM_212535.1,0.7735,0.39169,0.86754,-5.567,0.086208,,2026-04-21T13:38:22.490663+00:00
CDKN2C,NM_001262.2,0.7735,0.393085,-0.86496,-5.57,-0.101911,,2026-04-21T13:38:22.490663+00:00
CDC16,NM_003903.3,0.7735,0.393262,0.86463,-5.57,0.16063,,2026-04-21T13:38:22.490663+00:00
IL11RA,NM_147162.1,0.7735,0.393645,0.86393,-5.57,0.141751,,2026-04-21T13:38:22.490663+00:00
NR4A1,NM_173157.1,0.7735,0.393958,0.86335,-5.571,0.223553,,2026-04-21T13:38:22.490663+00:00
CD86,NM_175862.4,0.7735,0.395266,-0.86094,-5.573,-0.204258,,2026-04-21T13:38:22.490663+00:00
TRAF2,NM_021138.3,0.7735,0.39587,-0.85983,-5.574,-0.117181,,2026-04-21T13:38:22.490663+00:00
CD160,NM_007053.3,0.7738,0.397276,0.85724,-5.576,0.192271,,2026-04-21T13:38:22.490663+00:00
PTPRJ,NM_001098503.1,0.7745,0.399295,0.85354,-5.579,0.073565,,2026-04-21T13:38:22.490663+00:00
PPT1,NM_000310.3,0.7745,0.402343,-0.84798,-5.583,-0.13548,,2026-04-21T13:38:22.490663+00:00
CD22,NM_001771.2,0.7745,0.402578,0.84755,-5.583,0.19489,,2026-04-21T13:38:22.490663+00:00
CTBP2,NM_001329.4,0.7745,0.403855,0.84523,-5.585,0.134648,,2026-04-21T13:38:22.490663+00:00
SOS1,NM_005633.2,0.7745,0.404867,0.84339,-5.587,0.109248,,2026-04-21T13:38:22.490663+00:00
IL10RB,NM_000628.4,0.7745,0.404927,-0.84328,-5.587,-0.141029,,2026-04-21T13:38:22.490663+00:00
PPP2R1A,NM_014225.3,0.7799,0.409616,-0.83481,-5.594,-0.056079,,2026-04-21T13:38:22.490663+00:00
IGHV4-59,,0.7799,0.410233,-0.8337,-5.594,-0.234423,ENST00000390629.1,2026-04-21T13:38:22.490663+00:00
CUL2,NM_003591.2,0.7824,0.41277,0.82915,-5.598,0.118222,,2026-04-21T13:38:22.490663+00:00
NKG7,NM_005601.3,0.7882,0.417729,-0.82029,-5.605,-0.167542,,2026-04-21T13:38:22.490663+00:00
CTSW,NM_001335.3,0.7882,0.418279,0.81931,-5.606,0.177988,,2026-04-21T13:38:22.490663+00:00
CYP4A11/22,NM_001010969.3,0.7921,0.421606,0.81341,-5.61,0.267154,,2026-04-21T13:38:22.490663+00:00
HDAC9,NM_178423.2,0.793,0.426781,0.80429,-5.617,0.138542,,2026-04-21T13:38:22.490663+00:00
CFLAR,NM_001127183.1,0.793,0.427831,0.80245,-5.618,0.071383,,2026-04-21T13:38:22.490663+00:00
PTGS2,NM_000963.1,0.793,0.428469,0.80133,-5.619,0.302971,,2026-04-21T13:38:22.490663+00:00
NRL,NM_006177.3,0.793,0.428759,0.80083,-5.62,0.176779,,2026-04-21T13:38:22.490663+00:00
CD45RA,NM_002838.4,0.793,0.429094,0.80024,-5.62,0.103669,,2026-04-21T13:38:22.490663+00:00
TRPC1,NM_003304.4,0.793,0.429594,0.79936,-5.621,0.128641,,2026-04-21T13:38:22.490663+00:00
FOXO3,NM_001455.2,0.799,0.434116,0.79148,-5.627,0.065981,,2026-04-21T13:38:22.490663+00:00
CCNA1,NM_003914.3,0.8137,0.444789,0.77307,-5.64,0.179655,,2026-04-21T13:38:22.490663+00:00
SMARCA4,NM_001128849.1,0.8137,0.445185,0.77239,-5.641,0.071758,,2026-04-21T13:38:22.490663+00:00
PPARGC1A,NM_013261.3,0.8137,0.445989,-0.77102,-5.642,-0.222408,,2026-04-21T13:38:22.490663+00:00
CCL3/L1,NM_002983.3,0.8137,0.447198,0.76895,-5.643,0.273758,,2026-04-21T13:38:22.490663+00:00
STAT3,NM_003150.3,0.8193,0.45253,0.75988,-5.65,0.066444,,2026-04-21T13:38:22.490663+00:00
ELOVL4,NM_022726.3,0.8193,0.453139,0.75885,-5.65,0.170365,,2026-04-21T13:38:22.490663+00:00
MX1,NM_002462.2,0.8193,0.454184,0.75708,-5.652,0.155622,,2026-04-21T13:38:22.490663+00:00
MAML3,NM_018717.4,0.8201,0.455906,0.75417,-5.654,0.115902,,2026-04-21T13:38:22.490663+00:00
STAT1,NM_007315.3,0.8275,0.461676,-0.74447,-5.66,-0.089994,,2026-04-21T13:38:22.490663+00:00
RELA,NM_021975.4,0.8275,0.463513,-0.74139,-5.663,-0.06964,,2026-04-21T13:38:22.490663+00:00
IGHG4,,0.8275,0.465199,-0.73858,-5.665,-0.294579,ENST00000390543.1,2026-04-21T13:38:22.490663+00:00
NPRL3,NM_001039476.2,0.8275,0.465218,0.73855,-5.665,0.082367,,2026-04-21T13:38:22.490663+00:00
TRGV9,,0.8281,0.466869,-0.7358,-5.667,-0.175042,ENST00000444775.1,2026-04-21T13:38:22.490663+00:00
HADHB,NM_000183.2,0.8291,0.471144,-0.7287,-5.671,-0.069702,,2026-04-21T13:38:22.490663+00:00
DNMT3A,NM_022552.5,0.8291,0.472284,-0.72681,-5.673,-0.0991,,2026-04-21T13:38:22.490663+00:00
ELOVL3,NM_152310.3,0.8291,0.472336,-0.72673,-5.673,-0.149773,,2026-04-21T13:38:22.490663+00:00
ELOVL2,NM_017770.3,0.8291,0.47264,0.72623,-5.673,0.139482,,2026-04-21T13:38:22.490663+00:00
NFKB1,NM_003998.2,0.8317,0.476606,0.71969,-5.678,0.072637,,2026-04-21T13:38:22.490663+00:00
PTK2B,NM_004103.3,0.8317,0.47678,0.7194,-5.678,0.193888,,2026-04-21T13:38:22.490663+00:00
RORgt,NM_001001523.1,0.8385,0.483275,-0.70876,-5.685,-0.191937,,2026-04-21T13:38:22.490663+00:00
IL6,NM_000600.3,0.8385,0.484246,0.70718,-5.686,0.167009,,2026-04-21T13:38:22.490663+00:00
CD40,NM_001250.4,0.8385,0.48461,0.70658,-5.686,0.120885,,2026-04-21T13:38:22.490663+00:00
LGALS9,NM_002308.3,0.8466,0.491006,-0.6962,-5.693,-0.111073,,2026-04-21T13:38:22.490663+00:00
VAV2,NM_001134398.1,0.8466,0.493994,0.69138,-5.696,0.11014,,2026-04-21T13:38:22.490663+00:00
FZD7,NM_003507.1,0.8466,0.494192,0.69106,-5.697,0.18933,,2026-04-21T13:38:22.490663+00:00
CREB5,NM_182898.2,0.8466,0.495546,0.68888,-5.698,0.17422,,2026-04-21T13:38:22.490663+00:00
PTPN11,NM_002834.3,0.8466,0.497026,-0.6865,-5.7,-0.061732,,2026-04-21T13:38:22.490663+00:00
DGKZ,NM_001105540.1,0.8466,0.498796,-0.68366,-5.701,-0.052537,,2026-04-21T13:38:22.490663+00:00
LILRA4,NM_012276.3,0.8466,0.499969,-0.68178,-5.703,-0.130842,,2026-04-21T13:38:22.490663+00:00
FUT4,NM_002033.2,0.8466,0.499983,-0.68176,-5.703,-0.086816,,2026-04-21T13:38:22.490663+00:00
PIK3CD,NM_005026.3,0.8527,0.505154,-0.6735,-5.708,-0.062709,,2026-04-21T13:38:22.490663+00:00
TNFRSF9,NM_001561.4,0.8527,0.508211,0.66864,-5.711,0.112532,,2026-04-21T13:38:22.490663+00:00
CYP26A1,NM_000783.4,0.8527,0.508299,0.6685,-5.711,0.140086,,2026-04-21T13:38:22.490663+00:00
SESN1,NM_014454.2,0.8527,0.510005,-0.6658,-5.713,-0.095719,,2026-04-21T13:38:22.490663+00:00
SYK,NM_003177.5,0.8527,0.512981,-0.66109,-5.716,-0.10766,,2026-04-21T13:38:22.490663+00:00
IFNA4/7/10/17/21,NM_021268.2,0.8527,0.513791,0.65981,-5.716,0.225335,,2026-04-21T13:38:22.490663+00:00
CASP3,NM_004346.3,0.8527,0.514105,0.65932,-5.717,0.086795,,2026-04-21T13:38:22.490663+00:00
PPP3CA,NM_000944.4,0.8527,0.514307,0.659,-5.717,0.057649,,2026-04-21T13:38:22.490663+00:00
GNLY,NM_006433.2,0.8529,0.515818,-0.65662,-5.718,-0.168588,,2026-04-21T13:38:22.490663+00:00
TCL1A,NM_001098725.1,0.8529,0.517095,0.65461,-5.72,0.168852,,2026-04-21T13:38:22.490663+00:00
LDHAL6A,NM_001144071.1,0.8544,0.521433,0.64781,-5.724,0.138683,,2026-04-21T13:38:22.490663+00:00
STAT5B,NM_012448.3,0.8544,0.521708,0.64738,-5.724,0.071972,,2026-04-21T13:38:22.490663+00:00
ICOS,NM_012092.3,0.8544,0.522068,0.64681,-5.725,0.101429,,2026-04-21T13:38:22.490663+00:00
RAG1,NM_000448.2,0.8596,0.526601,0.63974,-5.729,0.114932,,2026-04-21T13:38:22.490663+00:00
ACADVL,NM_001270447.1,0.8601,0.528662,-0.63654,-5.731,-0.04793,,2026-04-21T13:38:22.490663+00:00
TGFB2,NM_003238.2,0.8601,0.5303,0.634,-5.732,0.15347,,2026-04-21T13:38:22.490663+00:00
RGS2,NM_002923.3,0.8601,0.530929,-0.63302,-5.733,-0.169267,,2026-04-21T13:38:22.490663+00:00
IL1RN,NM_000577.3,0.8823,0.546889,-0.60848,-5.747,-0.137343,,2026-04-21T13:38:22.490663+00:00
TNFRSF1B,NM_001066.2,0.8823,0.54811,0.60662,-5.748,0.093286,,2026-04-21T13:38:22.490663+00:00
TRIM46,NM_025058.4,0.8823,0.54883,-0.60552,-5.749,-0.109622,,2026-04-21T13:38:22.490663+00:00
MCM5,NM_006739.3,0.8827,0.550444,-0.60306,-5.75,-0.058784,,2026-04-21T13:38:22.490663+00:00
MAPK1,NM_138957.2,0.8855,0.553608,-0.59826,-5.753,-0.054585,,2026-04-21T13:38:22.490663+00:00
SIGLEC1,NM_023068.3,0.8891,0.558262,0.59122,-5.757,0.205666,,2026-04-21T13:38:22.490663+00:00
WNT11,NM_004626.2,0.8891,0.559355,0.58957,-5.758,0.145154,,2026-04-21T13:38:22.490663+00:00
MMP14,NM_004995.2,0.8891,0.561176,-0.58682,-5.759,-0.091155,,2026-04-21T13:38:22.490663+00:00
SMAD2,NM_001003652.3,0.8891,0.561481,-0.58636,-5.76,-0.046392,,2026-04-21T13:38:22.490663+00:00
FAM30A,NR_026800.2,0.8918,0.564984,0.5811,-5.763,0.124323,,2026-04-21T13:38:22.490663+00:00
FOXP3,NM_014009.3,0.8918,0.566857,0.57829,-5.764,0.077728,,2026-04-21T13:38:22.490663+00:00
IRAK3,NM_007199.1,0.8918,0.567374,0.57751,-5.765,0.164072,,2026-04-21T13:38:22.490663+00:00
IGHG2,,0.8925,0.569227,-0.57474,-5.766,-0.229485,ENST00000390545.1,2026-04-21T13:38:22.490663+00:00
TLE4,NM_007005.3,0.8927,0.576557,-0.56382,-5.772,-0.053854,,2026-04-21T13:38:22.490663+00:00
LILRB2,NM_001278405.1,0.8927,0.577455,-0.56248,-5.773,-0.134609,,2026-04-21T13:38:22.490663+00:00
BTRC,NM_001256856.1,0.8927,0.582576,0.5549,-5.777,0.046941,,2026-04-21T13:38:22.490663+00:00
E2F2,NM_004091.3,0.8927,0.583444,-0.55361,-5.777,-0.115956,,2026-04-21T13:38:22.490663+00:00
CCR7,NM_001838.3,0.8927,0.583672,-0.55328,-5.778,-0.1394,,2026-04-21T13:38:22.490663+00:00
TNFRSF17,NM_001192.2,0.8927,0.58397,-0.55284,-5.778,-0.197584,,2026-04-21T13:38:22.490663+00:00
PBX1,NM_002585.3,0.8927,0.584317,0.55232,-5.778,0.132335,,2026-04-21T13:38:22.490663+00:00
CREB3L2,NM_194071.3,0.8927,0.584473,0.55209,-5.778,0.051243,,2026-04-21T13:38:22.490663+00:00
SPIB,NM_003121.4,0.8927,0.585553,0.5505,-5.779,0.101865,,2026-04-21T13:38:22.490663+00:00
PPP2R5B,NM_006244.3,0.8927,0.586369,-0.5493,-5.78,-0.053469,,2026-04-21T13:38:22.490663+00:00
S100A12,NM_005621.1,0.8927,0.587387,-0.5478,-5.78,-0.163988,,2026-04-21T13:38:22.490663+00:00
HLA-DPA1,NM_033554.3,0.8927,0.58818,-0.54663,-5.781,-0.110099,,2026-04-21T13:38:22.490663+00:00
ZAP70,NM_001079.3,0.8927,0.588258,-0.54652,-5.781,-0.085431,,2026-04-21T13:38:22.490663+00:00
PTPN18,NM_014369.4,0.8927,0.589058,-0.54534,-5.782,-0.098562,,2026-04-21T13:38:22.490663+00:00
HIPK1,NM_152696.3,0.8933,0.590849,-0.54271,-5.783,-0.053239,,2026-04-21T13:38:22.490663+00:00
LTBP1,NM_000627.3,0.8949,0.594772,0.53696,-5.786,0.148345,,2026-04-21T13:38:22.490663+00:00
CD226,NM_001303618.1,0.8949,0.595725,0.53556,-5.787,0.093549,,2026-04-21T13:38:22.490663+00:00
CD79B,NM_001039933.1,0.8949,0.596151,0.53494,-5.787,0.095102,,2026-04-21T13:38:22.490663+00:00
FOS,NM_005252.3,0.8995,0.602292,0.52598,-5.792,0.249707,,2026-04-21T13:38:22.490663+00:00
AHR,NM_001621.3,0.8995,0.603975,-0.52354,-5.793,-0.080348,,2026-04-21T13:38:22.490663+00:00
MAPK11,NM_002751.6,0.8995,0.605242,-0.5217,-5.794,-0.062831,,2026-04-21T13:38:22.490663+00:00
CEBPD,NM_005195.3,0.8995,0.606721,-0.51955,-5.795,-0.096363,,2026-04-21T13:38:22.490663+00:00
DLD,NM_000108.3,0.8995,0.606915,0.51927,-5.795,0.051143,,2026-04-21T13:38:22.490663+00:00
ZNF683,NM_001114759.1,0.8995,0.60772,-0.5181,-5.795,-0.219034,,2026-04-21T13:38:22.490663+00:00
ACSL4,NM_004458.2,0.9078,0.617518,0.50396,-5.802,0.088685,,2026-04-21T13:38:22.490663+00:00
PSMA1,NM_148976.2,0.9078,0.618267,0.50289,-5.803,0.03711,,2026-04-21T13:38:22.490663+00:00
ALOX5,NM_000698.2,0.9078,0.618345,0.50277,-5.803,0.098133,,2026-04-21T13:38:22.490663+00:00
BAK1,NM_001188.3,0.9078,0.61913,0.50165,-5.803,0.037467,,2026-04-21T13:38:22.490663+00:00
TLR10,NM_030956.2,0.9078,0.621088,-0.49884,-5.805,-0.100405,,2026-04-21T13:38:22.490663+00:00
TNF,NM_000594.2,0.9078,0.621884,0.49769,-5.805,0.08269,,2026-04-21T13:38:22.490663+00:00
GBP3,NM_018284.3,0.9121,0.627289,0.48996,-5.809,0.075797,,2026-04-21T13:38:22.490663+00:00
EGF,NM_001963.4,0.9121,0.627687,0.48939,-5.809,0.142293,,2026-04-21T13:38:22.490663+00:00
MX2,NM_002463.1,0.9132,0.62989,-0.48625,-5.811,-0.056888,,2026-04-21T13:38:22.490663+00:00
LDHA,NM_005566.3,0.9135,0.631525,-0.48392,-5.812,-0.046573,,2026-04-21T13:38:22.490663+00:00
ELOVL7,NM_024930.1,0.9152,0.634138,0.48021,-5.813,0.153849,,2026-04-21T13:38:22.490663+00:00
ACSL6,NM_001009185.1,0.9183,0.63773,0.47511,-5.816,0.115857,,2026-04-21T13:38:22.490663+00:00
TBX21,NM_013351.1,0.9237,0.642985,-0.46767,-5.819,-0.111011,,2026-04-21T13:38:22.490663+00:00
MS4A2,NM_000139.3,0.9255,0.645633,0.46393,-5.821,0.140881,,2026-04-21T13:38:22.490663+00:00
BTLA,NM_181780.2,0.93,0.654005,-0.45216,-5.826,-0.070006,,2026-04-21T13:38:22.490663+00:00
KLF2,NM_016270.2,0.93,0.65432,-0.45172,-5.826,-0.051023,,2026-04-21T13:38:22.490663+00:00
E2F1,NM_005225.1,0.93,0.655954,0.44943,-5.827,0.078905,,2026-04-21T13:38:22.490663+00:00
GBP2,NM_004120.3,0.93,0.656531,-0.44863,-5.827,-0.044161,,2026-04-21T13:38:22.490663+00:00
NRAS,NM_002524.4,0.93,0.657541,0.44721,-5.828,0.038695,,2026-04-21T13:38:22.490663+00:00
RGS16,NM_002928.2,0.93,0.657569,0.44717,-5.828,0.098094,,2026-04-21T13:38:22.490663+00:00
CD40LG,NM_000074.2,0.9324,0.660757,-0.44272,-5.83,-0.069284,,2026-04-21T13:38:22.490663+00:00
TRGV4,,0.9324,0.66225,0.44063,-5.831,0.146361,ENST00000390345.1,2026-04-21T13:38:22.490663+00:00
GRAP2,NM_001291826.1,0.9334,0.667237,-0.43369,-5.834,-0.063363,,2026-04-21T13:38:22.490663+00:00
CXCL11,NM_005409.4,0.9334,0.670628,0.42898,-5.836,0.116611,,2026-04-21T13:38:22.490663+00:00
IL7R,NM_002185.3,0.9334,0.670894,0.42861,-5.836,0.070696,,2026-04-21T13:38:22.490663+00:00
PYCR1,NM_006907.2,0.9334,0.671087,-0.42834,-5.836,-0.113952,,2026-04-21T13:38:22.490663+00:00
GATA6,NM_005257.3,0.9334,0.671961,0.42713,-5.836,0.101286,,2026-04-21T13:38:22.490663+00:00
TRDV3,,0.9334,0.672145,-0.42687,-5.836,-0.202243,ENST00000535880.1,2026-04-21T13:38:22.490663+00:00
MAPK9,NM_139069.2,0.9334,0.674299,0.42389,-5.838,0.045525,,2026-04-21T13:38:22.490663+00:00
NUP54,NM_001278603.1,0.9334,0.676478,0.42088,-5.839,0.081416,,2026-04-21T13:38:22.490663+00:00
TLR2,NM_003264.3,0.9334,0.676824,0.4204,-5.839,0.120948,,2026-04-21T13:38:22.490663+00:00
BPI,NM_001725.2,0.9334,0.677667,0.41923,-5.84,0.123449,,2026-04-21T13:38:22.490663+00:00
NCR1,NM_004829.5,0.9338,0.679402,0.41684,-5.84,0.083209,,2026-04-21T13:38:22.490663+00:00
TNFSF4,NM_003326.2,0.9338,0.680857,0.41483,-5.841,0.08587,,2026-04-21T13:38:22.490663+00:00
IL12RB1,NM_005535.1,0.9354,0.68354,-0.41113,-5.843,-0.044897,,2026-04-21T13:38:22.490663+00:00
TTK,NM_003318.3,0.9355,0.685052,0.40905,-5.844,0.076042,,2026-04-21T13:38:22.490663+00:00
NFATC4,NM_001136022.2,0.9365,0.688251,0.40465,-5.845,0.092817,,2026-04-21T13:38:22.490663+00:00
SP100,NM_003113.3,0.9365,0.690072,0.40215,-5.846,0.055908,,2026-04-21T13:38:22.490663+00:00
MAPK14,NM_001315.2,0.9365,0.690881,-0.40105,-5.847,-0.052731,,2026-04-21T13:38:22.490663+00:00
CDC42,NM_001039802.1,0.9365,0.691885,-0.39967,-5.847,-0.036643,,2026-04-21T13:38:22.490663+00:00
ATM,NM_000051.3,0.9365,0.693148,0.39794,-5.848,0.052555,,2026-04-21T13:38:22.490663+00:00
APH1A,NM_001077628.1,0.9382,0.695916,-0.39415,-5.849,-0.027869,,2026-04-21T13:38:22.490663+00:00
GZMK,NM_002104.2,0.9389,0.700541,0.38783,-5.852,0.076468,,2026-04-21T13:38:22.490663+00:00
TLR1,NM_003263.3,0.9389,0.70176,-0.38617,-5.852,-0.065285,,2026-04-21T13:38:22.490663+00:00
DIABLO,NM_138930.3,0.9389,0.703421,-0.38391,-5.853,-0.054334,,2026-04-21T13:38:22.490663+00:00
CTF1,NM_001330.5,0.9389,0.704487,-0.38246,-5.854,-0.096204,,2026-04-21T13:38:22.490663+00:00
INPPL1,NM_001567.2,0.9389,0.705666,-0.38085,-5.854,-0.035226,,2026-04-21T13:38:22.490663+00:00
E2F5,NM_001083588.1,0.9389,0.70652,0.37969,-5.855,0.062919,,2026-04-21T13:38:22.490663+00:00
ST3GAL6,NM_001271148.1,0.9389,0.706785,-0.37933,-5.855,-0.099026,,2026-04-21T13:38:22.490663+00:00
RBX1,NM_014248.2,0.9455,0.715451,0.36758,-5.859,0.047082,,2026-04-21T13:38:22.490663+00:00
CD244,NM_001166663.1,0.9455,0.718315,-0.36371,-5.86,-0.052123,,2026-04-21T13:38:22.490663+00:00
IGHA1,,0.9455,0.719525,-0.36207,-5.861,-0.145005,ENST00000641837.1,2026-04-21T13:38:22.490663+00:00
CD8B,NM_172099.2,0.9455,0.719612,-0.36196,-5.861,-0.091675,,2026-04-21T13:38:22.490663+00:00
RARA,NM_001024809.3,0.9455,0.722821,-0.35763,-5.862,-0.056906,,2026-04-21T13:38:22.490663+00:00
IL1B,NM_000576.2,0.9455,0.722929,0.35748,-5.862,0.15154,,2026-04-21T13:38:22.490663+00:00
TNFRSF4,NM_003327.3,0.9455,0.723084,0.35727,-5.862,0.068195,,2026-04-21T13:38:22.490663+00:00
GYS2,NM_021957.3,0.9455,0.723622,-0.35655,-5.863,-0.079327,,2026-04-21T13:38:22.490663+00:00
TRGC2,,0.9471,0.727129,-0.35182,-5.864,-0.093801,ENST00000436911.1,2026-04-21T13:38:22.490663+00:00
JAK3,NM_000215.2,0.9471,0.727816,-0.3509,-5.865,-0.046483,,2026-04-21T13:38:22.490663+00:00
KLRB1,NM_002258.2,0.9494,0.732473,0.34464,-5.867,0.069393,,2026-04-21T13:38:22.490663+00:00
CD3G,NM_000073.2,0.9494,0.732594,-0.34448,-5.867,-0.042546,,2026-04-21T13:38:22.490663+00:00
IRF4,NM_002460.1,0.9523,0.738968,0.33594,-5.869,0.058715,,2026-04-21T13:38:22.490663+00:00
BMP8A/B,XM_005271149.4,0.9523,0.741896,0.33202,-5.871,0.063659,,2026-04-21T13:38:22.490663+00:00
CALM1,NM_006888.4,0.9523,0.742767,-0.33086,-5.871,-0.039615,,2026-04-21T13:38:22.490663+00:00
BCL2L1,NM_001191.3,0.9523,0.743477,-0.32991,-5.871,-0.039719,,2026-04-21T13:38:22.490663+00:00
IFNA5,NM_002169.2,0.9523,0.744209,0.32894,-5.872,0.077714,,2026-04-21T13:38:22.490663+00:00
LRP6,NM_002336.1,0.9523,0.748101,-0.32375,-5.873,-0.062352,,2026-04-21T13:38:22.490663+00:00
PIK3AP1,NM_152309.2,0.9523,0.749987,-0.32123,-5.874,-0.048488,,2026-04-21T13:38:22.490663+00:00
ASB4,NM_016116.2,0.9523,0.750204,0.32095,-5.874,0.078001,,2026-04-21T13:38:22.490663+00:00
PIK3R2,NM_005027.3,0.9523,0.751035,0.31984,-5.875,0.076575,,2026-04-21T13:38:22.490663+00:00
PRF1,NM_001083116.1,0.9523,0.753133,0.31705,-5.875,0.064143,,2026-04-21T13:38:22.490663+00:00
KIR2DL3/4,NM_014511.3,0.9523,0.754145,0.3157,-5.876,0.079302,,2026-04-21T13:38:22.490663+00:00
CD72,NM_001782.2,0.9523,0.755506,0.3139,-5.876,0.058196,,2026-04-21T13:38:22.490663+00:00
FBXW4,NM_022039.3,0.9523,0.757363,0.31143,-5.877,0.033883,,2026-04-21T13:38:22.490663+00:00
CD8A,NM_001768.6,0.9523,0.757697,0.31099,-5.877,0.060282,,2026-04-21T13:38:22.490663+00:00
ACOT1/2,NM_001037161.1,0.9523,0.758626,-0.30975,-5.878,-0.039611,,2026-04-21T13:38:22.490663+00:00
ITGAL,NM_002209.2,0.9523,0.75883,0.30948,-5.878,0.027306,,2026-04-21T13:38:22.490663+00:00
RARB,NM_000965.5,0.9612,0.767531,-0.29797,-5.881,-0.084309,,2026-04-21T13:38:22.490663+00:00
FYN,NM_002037.3,0.9612,0.771507,0.29272,-5.882,0.030764,,2026-04-21T13:38:22.490663+00:00
IL15,NM_000585.4,0.9612,0.772834,0.29097,-5.883,0.057182,,2026-04-21T13:38:22.490663+00:00
PPP2R1B,NM_002716.4,0.9612,0.773176,-0.29051,-5.883,-0.030535,,2026-04-21T13:38:22.490663+00:00
GZMB,NM_004131.3,0.9612,0.773494,0.2901,-5.883,0.057058,,2026-04-21T13:38:22.490663+00:00
FAS,NM_000043.4,0.9615,0.777519,-0.28479,-5.885,-0.036589,,2026-04-21T13:38:22.490663+00:00
MCM7,NM_182776.1,0.9615,0.781553,0.27949,-5.886,0.024432,,2026-04-21T13:38:22.490663+00:00
IFNA6,NM_021002.2,0.9615,0.782354,0.27844,-5.886,0.122216,,2026-04-21T13:38:22.490663+00:00
TNFRSF18,NM_148901.1,0.9615,0.784549,-0.27555,-5.887,-0.054141,,2026-04-21T13:38:22.490663+00:00
PDCD1,NM_005018.2,0.9615,0.785583,0.2742,-5.887,0.069298,,2026-04-21T13:38:22.490663+00:00
GLS2,NM_013267.2,0.9615,0.78583,-0.27387,-5.888,-0.046343,,2026-04-21T13:38:22.490663+00:00
ATP7A,NM_000052.7,0.9615,0.787136,0.27216,-5.888,0.032112,,2026-04-21T13:38:22.490663+00:00
XAF1,NM_199139.2,0.9615,0.787214,-0.27206,-5.888,-0.041206,,2026-04-21T13:38:22.490663+00:00
S1PR1,NM_001400.4,0.9615,0.788755,-0.27004,-5.889,-0.05317,,2026-04-21T13:38:22.490663+00:00
OAS3,NM_006187.3,0.9615,0.788846,-0.26992,-5.889,-0.050187,,2026-04-21T13:38:22.490663+00:00
IGHM,,0.963,0.792136,-0.26561,-5.89,-0.062045,ENST00000637539.1,2026-04-21T13:38:22.490663+00:00
SEMA4D,NM_001142287.1,0.963,0.793159,-0.26427,-5.89,-0.026417,,2026-04-21T13:38:22.490663+00:00
TAPBP,NM_003190.4,0.9642,0.797002,0.25924,-5.891,0.034091,,2026-04-21T13:38:22.490663+00:00
IKZF1,NM_006060.4,0.9642,0.797193,-0.25899,-5.891,-0.030287,,2026-04-21T13:38:22.490663+00:00
CBL,NM_005188.3,0.968,0.801857,-0.2529,-5.893,-0.020312,,2026-04-21T13:38:22.490663+00:00
SEL1L,NM_005065.5,0.9693,0.816196,-0.23424,-5.897,-0.024763,,2026-04-21T13:38:22.490663+00:00
IGLC1,,0.9693,0.816815,-0.23343,-5.897,-0.076782,ENST00000390321.1,2026-04-21T13:38:22.490663+00:00
TRGV2,,0.9693,0.81818,0.23166,-5.898,0.084518,ENST00000426402.1,2026-04-21T13:38:22.490663+00:00
CD45R0,NM_080921.3,0.9693,0.818421,-0.23135,-5.898,-0.028485,,2026-04-21T13:38:22.490663+00:00
PSMD6,NM_001271779.1,0.9693,0.818894,0.23074,-5.898,0.027397,,2026-04-21T13:38:22.490663+00:00
CARD11,NM_032415.2,0.9693,0.819502,-0.22995,-5.898,-0.033385,,2026-04-21T13:38:22.490663+00:00
PDHB,NM_000925.3,0.9693,0.819967,0.22934,-5.898,0.059911,,2026-04-21T13:38:22.490663+00:00
TYK2,NM_003331.4,0.9693,0.820553,0.22858,-5.898,0.020694,,2026-04-21T13:38:22.490663+00:00
FOXO1,NM_002015.3,0.9693,0.820831,0.22822,-5.898,0.032252,,2026-04-21T13:38:22.490663+00:00
SIGLEC5,NM_003830.3,0.9693,0.822749,0.22574,-5.899,0.044512,,2026-04-21T13:38:22.490663+00:00
PTPN2,NM_002828.3,0.9693,0.824035,-0.22407,-5.899,-0.017882,,2026-04-21T13:38:22.490663+00:00
DGKA,NM_001345.4,0.9693,0.826968,-0.22027,-5.9,-0.030857,,2026-04-21T13:38:22.490663+00:00
CD28,NM_001243077.1,0.9693,0.829822,0.21658,-5.901,0.032416,,2026-04-21T13:38:22.490663+00:00
CUL1,NM_003592.2,0.9693,0.834414,0.21064,-5.902,0.020552,,2026-04-21T13:38:22.490663+00:00
FCGR2B,NM_004001.4,0.9693,0.837058,-0.20723,-5.903,-0.039506,,2026-04-21T13:38:22.490663+00:00
KLRK1,NM_007360.1,0.9693,0.837911,0.20613,-5.903,0.034598,,2026-04-21T13:38:22.490663+00:00
PVRIG,NM_024070.3,0.9693,0.838905,-0.20485,-5.903,-0.027832,,2026-04-21T13:38:22.490663+00:00
DHRS3,NM_004753.4,0.9693,0.842629,0.20005,-5.904,0.032688,,2026-04-21T13:38:22.490663+00:00
PLCG1,NM_002660.2,0.9693,0.842766,0.19987,-5.904,0.031846,,2026-04-21T13:38:22.490663+00:00
RBL2,NM_005611.3,0.9693,0.843631,0.19876,-5.904,0.024525,,2026-04-21T13:38:22.490663+00:00
SOCS2,NM_003877.3,0.9693,0.848738,-0.19218,-5.906,-0.028284,,2026-04-21T13:38:22.490663+00:00
TMED2,NM_006815.3,0.9693,0.850142,0.19037,-5.906,0.015506,,2026-04-21T13:38:22.490663+00:00
SMAD4,NM_005359.3,0.9693,0.850274,-0.1902,-5.906,-0.021931,,2026-04-21T13:38:22.490663+00:00
RASGRP1,NM_005739.3,0.9693,0.851445,-0.1887,-5.906,-0.02606,,2026-04-21T13:38:22.490663+00:00
RSAD2,NM_080657.4,0.9693,0.85207,-0.18789,-5.907,-0.042308,,2026-04-21T13:38:22.490663+00:00
CACNB4,NM_000726.3,0.9693,0.852598,-0.18721,-5.907,-0.037882,,2026-04-21T13:38:22.490663+00:00
NT5E,NM_002526.2,0.9693,0.853821,0.18564,-5.907,0.028755,,2026-04-21T13:38:22.490663+00:00
VCAM1,NM_001199834.1,0.9693,0.855923,0.18294,-5.907,0.052707,,2026-04-21T13:38:22.490663+00:00
PRKCZ,NM_002744.4,0.9693,0.857696,0.18067,-5.908,0.026738,,2026-04-21T13:38:22.490663+00:00
FPR1,NM_002029.3,0.9693,0.858833,0.17921,-5.908,0.048176,,2026-04-21T13:38:22.490663+00:00
PNOC,NM_001284244.1,0.9693,0.859425,0.17845,-5.908,0.030682,,2026-04-21T13:38:22.490663+00:00
CXCR6,NM_006564.1,0.9693,0.860764,-0.17673,-5.908,-0.03975,,2026-04-21T13:38:22.490663+00:00
CSF1,NM_000757.4,0.9693,0.862015,0.17512,-5.909,0.034927,,2026-04-21T13:38:22.490663+00:00
TAF6L,NM_006473.3,0.9693,0.862583,0.17439,-5.909,0.031202,,2026-04-21T13:38:22.490663+00:00
SLAMF6,NM_001184714.1,0.9693,0.863779,-0.17286,-5.909,-0.024762,,2026-04-21T13:38:22.490663+00:00
CIITA,NM_000246.3,0.9693,0.864681,0.17171,-5.909,0.027303,,2026-04-21T13:38:22.490663+00:00
LILRA3,NM_006865.3,0.9693,0.86578,-0.1703,-5.91,-0.084258,,2026-04-21T13:38:22.490663+00:00
GZMH,NM_033423.4,0.9693,0.865879,-0.17017,-5.91,-0.057651,,2026-04-21T13:38:22.490663+00:00
TRAT1,NM_016388.3,0.9693,0.866024,-0.16998,-5.91,-0.026329,,2026-04-21T13:38:22.490663+00:00
CHUK,NM_001320928.1,0.9693,0.869628,0.16537,-5.91,0.018211,,2026-04-21T13:38:22.490663+00:00
PPP2R5C,NM_002719.3,0.9693,0.870343,-0.16445,-5.91,-0.016864,,2026-04-21T13:38:22.490663+00:00
NFATC1,NM_172389.1,0.9693,0.871203,-0.16335,-5.911,-0.013773,,2026-04-21T13:38:22.490663+00:00
RRAGC,NM_001271851.1,0.9693,0.872918,-0.16116,-5.911,-0.012427,,2026-04-21T13:38:22.490663+00:00
ADORA2B,NM_000676.2,0.9693,0.872963,0.1611,-5.911,0.027663,,2026-04-21T13:38:22.490663+00:00
IL31RA,NM_139017.3,0.9693,0.874121,0.15962,-5.911,0.041484,,2026-04-21T13:38:22.490663+00:00
SLC2A6,NM_001145099.1,0.9693,0.8753,0.15811,-5.911,0.026462,,2026-04-21T13:38:22.490663+00:00
NFKBIB,NM_002503.5,0.9693,0.877459,0.15535,-5.912,0.019739,,2026-04-21T13:38:22.490663+00:00
PTPRK,NM_001135648.1,0.9693,0.879702,-0.15248,-5.912,-0.03964,,2026-04-21T13:38:22.490663+00:00
GZMM,NM_005317.2,0.9693,0.88099,-0.15084,-5.913,-0.026597,,2026-04-21T13:38:22.490663+00:00
PDGFRA,NM_006206.3,0.9693,0.881855,-0.14973,-5.913,-0.036211,,2026-04-21T13:38:22.490663+00:00
PIK3R3,NM_001114172.1,0.9693,0.881993,-0.14956,-5.913,-0.02906,,2026-04-21T13:38:22.490663+00:00
CDC20,NM_001255.2,0.9693,0.882332,0.14912,-5.913,0.032628,,2026-04-21T13:38:22.490663+00:00
MAPK13,NM_002754.3,0.9693,0.883808,-0.14724,-5.913,-0.016344,,2026-04-21T13:38:22.490663+00:00
CD48,NM_001778.2,0.97,0.887685,0.14229,-5.914,0.014796,,2026-04-21T13:38:22.490663+00:00
PDGFRB,NM_002609.3,0.97,0.88944,-0.14005,-5.914,-0.029456,,2026-04-21T13:38:22.490663+00:00
GOT2,NM_002080.3,0.97,0.894234,-0.13394,-5.915,-0.022797,,2026-04-21T13:38:22.490663+00:00
PTGER4,NM_000958.2,0.97,0.894247,-0.13393,-5.915,-0.0168,,2026-04-21T13:38:22.490663+00:00
CD6,NM_001254751.1,0.97,0.894654,0.13341,-5.915,0.032797,,2026-04-21T13:38:22.490663+00:00
GRB10,NM_001001549.2,0.97,0.895355,0.13251,-5.915,0.019588,,2026-04-21T13:38:22.490663+00:00
ITGA6,NM_000210.1,0.97,0.8963,-0.13131,-5.915,-0.022615,,2026-04-21T13:38:22.490663+00:00
YWHAZ,NM_001135699.1,0.97,0.896688,0.13082,-5.915,0.009415,,2026-04-21T13:38:22.490663+00:00
DLL4,NM_019074.2,0.9729,0.900865,-0.1255,-5.916,-0.027061,,2026-04-21T13:38:22.490663+00:00
HLA-E,NM_005516.5,0.9733,0.902751,-0.1231,-5.916,-0.01082,,2026-04-21T13:38:22.490663+00:00
CR2,NM_001006658.1,0.9741,0.905105,0.1201,-5.916,0.022586,,2026-04-21T13:38:22.490663+00:00
TUSC2,NM_007275.2,0.9756,0.910209,0.11361,-5.917,0.020953,,2026-04-21T13:38:22.490663+00:00
JAG1,NM_000214.2,0.9756,0.910603,0.11311,-5.917,0.022798,,2026-04-21T13:38:22.490663+00:00
GATA3,NM_001002295.1,0.9756,0.912946,-0.11013,-5.918,-0.016892,,2026-04-21T13:38:22.490663+00:00
CD5,NM_014207.2,0.9756,0.913509,-0.10942,-5.918,-0.018246,,2026-04-21T13:38:22.490663+00:00
GLUD1/2,NM_012084.3,0.9756,0.914112,-0.10865,-5.918,-0.009952,,2026-04-21T13:38:22.490663+00:00
CDH1,NM_004360.2,0.9768,0.918076,-0.10362,-5.918,-0.018562,,2026-04-21T13:38:22.490663+00:00
IL18,NM_001562.3,0.9768,0.918306,0.10333,-5.918,0.026971,,2026-04-21T13:38:22.490663+00:00
KLRC2/3,NM_002260.3,0.9769,0.920219,-0.1009,-5.919,-0.051894,,2026-04-21T13:38:22.490663+00:00
SMC3,NM_005445.3,0.9769,0.921478,-0.0993,-5.919,-0.011276,,2026-04-21T13:38:22.490663+00:00
XIAP,NM_001167.3,0.98,0.92677,0.09259,-5.919,0.011032,,2026-04-21T13:38:22.490663+00:00
TNFRSF10A,NM_003844.2,0.98,0.928413,0.09051,-5.919,0.010968,,2026-04-21T13:38:22.490663+00:00
SLC2A12,NM_145176.2,0.98,0.929074,0.08967,-5.92,0.028256,,2026-04-21T13:38:22.490663+00:00
LYN,NM_002350.3,0.9848,0.937867,0.07853,-5.92,0.014264,,2026-04-21T13:38:22.490663+00:00
TELO2,NM_016111.3,0.9848,0.939387,-0.0766,-5.921,-0.012124,,2026-04-21T13:38:22.490663+00:00
CCL5,NM_002985.2,0.9848,0.940409,-0.07531,-5.921,-0.015407,,2026-04-21T13:38:22.490663+00:00
KLRD1,NM_001351060.1,0.9848,0.940853,-0.07474,-5.921,-0.016191,,2026-04-21T13:38:22.490663+00:00
EOMES,NM_005442.2,0.9848,0.941965,0.07334,-5.921,0.014967,,2026-04-21T13:38:22.490663+00:00
CHEK1,NM_001114122.2,0.9848,0.945277,0.06914,-5.921,0.008998,,2026-04-21T13:38:22.490663+00:00
CRLF2,NM_022148.3,0.9848,0.945954,0.06829,-5.921,0.011581,,2026-04-21T13:38:22.490663+00:00
BTK,NM_000061.1,0.9848,0.947583,-0.06623,-5.921,-0.012713,,2026-04-21T13:38:22.490663+00:00
NCR3,NM_147130.2,0.9848,0.949158,-0.06423,-5.921,-0.012544,,2026-04-21T13:38:22.490663+00:00
IL1RL1,NM_016232.4,0.9848,0.949175,-0.06421,-5.921,-0.016835,,2026-04-21T13:38:22.490663+00:00
CCNB3,NM_033031.2,0.9858,0.952824,0.0596,-5.922,0.012596,,2026-04-21T13:38:22.490663+00:00
SLC8A1,NM_021097.1,0.9858,0.954667,0.05726,-5.922,0.014815,,2026-04-21T13:38:22.490663+00:00
MAPK8,NM_002750.2,0.9858,0.954797,-0.0571,-5.922,-0.007247,,2026-04-21T13:38:22.490663+00:00
CDKN1C,NM_000076.2,0.9906,0.961409,-0.04874,-5.922,-0.008555,,2026-04-21T13:38:22.490663+00:00
HMGB1,NM_002128.4,0.9906,0.96305,0.04667,-5.922,0.006379,,2026-04-21T13:38:22.490663+00:00
JAK2,NM_004972.3,0.9906,0.964113,0.04532,-5.922,0.007322,,2026-04-21T13:38:22.490663+00:00
TOX4,NM_014828.2,0.9933,0.972034,-0.03531,-5.923,-0.002932,,2026-04-21T13:38:22.490663+00:00
ENTPD1,NM_001098175.1,0.9933,0.97434,0.0324,-5.923,0.007698,,2026-04-21T13:38:22.490663+00:00
PTPRS,NM_002850.3,0.9933,0.977974,0.02781,-5.923,0.006068,,2026-04-21T13:38:22.490663+00:00
PTGR1,NM_001146109.1,0.9933,0.979636,-0.02571,-5.923,-0.005754,,2026-04-21T13:38:22.490663+00:00
LCP2,NM_005565.3,0.9933,0.980574,0.02453,-5.923,0.003609,,2026-04-21T13:38:22.490663+00:00
DVL1,NM_004421.2,0.9933,0.98072,0.02434,-5.923,0.002821,,2026-04-21T13:38:22.490663+00:00
ITGA10,NM_003637.3,0.9933,0.985314,0.01854,-5.923,0.004274,,2026-04-21T13:38:22.490663+00:00
FCGR3A/B,NM_000570.4,0.9933,0.985429,-0.0184,-5.923,-0.003332,,2026-04-21T13:38:22.490663+00:00
IFIT3,NM_001031683.2,0.9933,0.986123,-0.01752,-5.923,-0.004012,,2026-04-21T13:38:22.490663+00:00
TBK1,NM_013254.2,0.9933,0.9865,-0.01704,-5.923,-0.002569,,2026-04-21T13:38:22.490663+00:00
TCF7,NM_201633.2,0.9933,0.987283,0.01606,-5.923,0.00266,,2026-04-21T13:38:22.490663+00:00
ORC4,NM_181742.1,0.9933,0.987813,-0.01539,-5.923,-0.001463,,2026-04-21T13:38:22.490663+00:00
LRRK2,NM_198578.3,0.9933,0.990147,0.01244,-5.923,0.003408,,2026-04-21T13:38:22.490663+00:00
TRGC1,,0.9933,0.990757,-0.01167,-5.923,-0.002915,ENST00000443402.1,2026-04-21T13:38:22.490663+00:00
IL10RA,NM_001558.2,0.9933,0.99148,-0.01076,-5.923,-0.000901,,2026-04-21T13:38:22.490663+00:00
KLRC1,NM_002259.3,0.9933,0.992829,0.00905,-5.923,0.002159,,2026-04-21T13:38:22.490663+00:00
MS4A4A,NM_001243266.1,0.9933,0.993311,-0.00844,-5.923,-0.00254,,2026-04-21T13:38:22.490663+00:00
