symbol,geneid,node2,node1_string_id,node2_string_id,experimentally_determined_interaction,database_annotated,automated_textmining,combined_score
TROAP,10024,CCNB2,9606.ENSP00000257909,9606.ENSP00000288207,0.0,0.0,0.282,0.674
TROAP,10024,TPX2,9606.ENSP00000257909,9606.ENSP00000300403,0.0,0.0,0.274,0.676
KIF20A,10112,CDCA3,9606.ENSP00000378356,9606.ENSP00000442068,0.0,0.0,0.522,0.93
NAMPT,10135,IL1B,9606.ENSP00000222553,9606.ENSP00000263341,0.0,0.0,0.584,0.661
NAMPT,10135,ICAM1,9606.ENSP00000222553,9606.ENSP00000264832,0.0,0.0,0.372,0.432
PDZK1IP1,10158,TAL1,9606.ENSP00000294338,9606.ENSP00000294339,0.0,0.0,0.529,0.536
LOC102723407,102723407,DUSP8,9606.ENSP00000478289,9606.ENSP00000380530,0.0,0.0,0.58,0.58
LOC102723407,102723407,PBX1,9606.ENSP00000478289,9606.ENSP00000405890,0.0,0.0,0.506,0.506
LOC102723407,102723407,IGHV3-11,9606.ENSP00000478289,9606.ENSP00000474135,0.0,0.54,0.104,0.59
EDAR,10913,TNFRSF21,9606.ENSP00000258443,9606.ENSP00000296861,0.0,0.0,0.575,0.575
SDS,10993,HGD,9606.ENSP00000257549,9606.ENSP00000283871,0.0,0.0,0.462,0.497
UBE2C,11065,CDCA7,9606.ENSP00000348838,9606.ENSP00000306968,0.088,0.0,0.341,0.594
UBE2C,11065,AURKB,9606.ENSP00000348838,9606.ENSP00000313950,0.053,0.4,0.704,0.955
UBE2C,11065,RRM2,9606.ENSP00000348838,9606.ENSP00000353770,0.068,0.0,0.749,0.931
MED12L,116931,THRB,9606.ENSP00000417235,9606.ENSP00000379904,0.064,0.65,0.0,0.658
CLU,1191,MMP9,9606.ENSP00000315130,9606.ENSP00000361405,0.292,0.0,0.614,0.718
CCR8,1237,CCR10,9606.ENSP00000326432,9606.ENSP00000332504,0.0,0.5,0.531,0.755
CCR8,1237,ULBP2,9606.ENSP00000326432,9606.ENSP00000356320,0.0,0.0,0.723,0.723
CCR8,1237,MMP9,9606.ENSP00000326432,9606.ENSP00000361405,0.0,0.0,0.399,0.401
CREM,1390,SIK1,9606.ENSP00000265372,9606.ENSP00000270162,0.0,0.0,0.599,0.606
SCGB1C1,147199,GP9,9606.ENSP00000344545,9606.ENSP00000303942,0.0,0.0,0.0,0.426
SCGB1C1,147199,AQP10,9606.ENSP00000344545,9606.ENSP00000318355,0.0,0.0,0.0,0.434
SIK1,150094,CREM,9606.ENSP00000270162,9606.ENSP00000265372,0.0,0.0,0.599,0.606
SIK1,150094,CSRNP1,9606.ENSP00000270162,9606.ENSP00000273153,0.0,0.0,0.187,0.45
CXADR,1525,AFAP1L2,9606.ENSP00000284878,9606.ENSP00000303042,0.0,0.0,0.444,0.444
DUSP8,1850,LOC102723407,9606.ENSP00000380530,9606.ENSP00000478289,0.0,0.0,0.58,0.58
E2F2,1870,AURKB,9606.ENSP00000355249,9606.ENSP00000313950,0.0,0.0,0.388,0.459
E2F2,1870,RRM2,9606.ENSP00000355249,9606.ENSP00000353770,0.0,0.0,0.354,0.435
EGF,1950,OSM,9606.ENSP00000265171,9606.ENSP00000215781,0.0,0.0,0.577,0.577
EGF,1950,SPARC,9606.ENSP00000265171,9606.ENSP00000231061,0.0,0.0,0.596,0.598
EGF,1950,IGFBP2,9606.ENSP00000265171,9606.ENSP00000233809,0.0,0.0,0.47,0.47
EGF,1950,TNFAIP6,9606.ENSP00000265171,9606.ENSP00000243347,0.133,0.0,0.416,0.472
EGF,1950,SNAI1,9606.ENSP00000265171,9606.ENSP00000244050,0.0,0.0,0.702,0.702
EGF,1950,KRT5,9606.ENSP00000265171,9606.ENSP00000252242,0.0,0.0,0.514,0.514
EGF,1950,SMAD7,9606.ENSP00000265171,9606.ENSP00000262158,0.0,0.0,0.419,0.418
EGF,1950,IL1B,9606.ENSP00000265171,9606.ENSP00000263341,0.0,0.0,0.762,0.762
EGF,1950,SELP,9606.ENSP00000265171,9606.ENSP00000263686,0.0,0.0,0.64,0.662
EGF,1950,ICAM1,9606.ENSP00000265171,9606.ENSP00000264832,0.0,0.0,0.577,0.577
EGF,1950,BMP6,9606.ENSP00000265171,9606.ENSP00000283147,0.0,0.0,0.407,0.416
EGF,1950,CXCL5,9606.ENSP00000265171,9606.ENSP00000296027,0.0,0.0,0.664,0.668
EGF,1950,PF4,9606.ENSP00000265171,9606.ENSP00000296029,0.0,0.0,0.617,0.625
EGF,1950,AFAP1L2,9606.ENSP00000265171,9606.ENSP00000303042,0.0,0.0,0.404,0.405
EMP1,2012,ICAM1,9606.ENSP00000256951,9606.ENSP00000264832,0.0,0.0,0.511,0.532
F2R,2149,GP9,9606.ENSP00000321326,9606.ENSP00000303942,0.091,0.0,0.48,0.509
F2R,2149,GP1BA,9606.ENSP00000321326,9606.ENSP00000329380,0.091,0.0,0.662,0.684
F2R,2149,MMP9,9606.ENSP00000321326,9606.ENSP00000361405,0.05,0.0,0.432,0.441
TPX2,22974,TROAP,9606.ENSP00000300403,9606.ENSP00000257909,0.0,0.0,0.274,0.676
TPX2,22974,CCNB2,9606.ENSP00000300403,9606.ENSP00000288207,0.045,0.0,0.725,0.953
SH3BP4,23677,STON2,9606.ENSP00000386862,9606.ENSP00000450857,0.0,0.0,0.522,0.522
MAFF,23764,TNFAIP3,9606.ENSP00000442060,9606.ENSP00000481570,0.0,0.0,0.185,0.484
MAFF,23764,NR4A3,9606.ENSP00000442060,9606.ENSP00000482027,0.071,0.0,0.261,0.462
ALOX12,239,TUBB1,9606.ENSP00000251535,9606.ENSP00000217133,0.0,0.0,0.042,0.409
ALOX12,239,ACRBP,9606.ENSP00000251535,9606.ENSP00000229243,0.0,0.0,0.0,0.445
GCK,2645,GYS2,9606.ENSP00000223366,9606.ENSP00000261195,0.0,0.0,0.569,0.616
MLH3,27030,H2BC4,9606.ENSP00000348020,9606.ENSP00000321744,0.0,0.5,0.0,0.501
MLH3,27030,H2BC21,9606.ENSP00000348020,9606.ENSP00000358151,0.0,0.5,0.072,0.52
LYPD3,27076,KRT5,9606.ENSP00000244333,9606.ENSP00000252242,0.0,0.0,0.076,0.42
TNFRSF21,27242,EDAR,9606.ENSP00000296861,9606.ENSP00000258443,0.0,0.0,0.575,0.575
GP1BA,2811,H2AC8,9606.ENSP00000329380,9606.ENSP00000303373,0.0,0.4,0.0,0.401
GP1BA,2811,GP9,9606.ENSP00000329380,9606.ENSP00000303942,0.783,0.9,0.999,0.999
GP1BA,2811,F2R,9606.ENSP00000329380,9606.ENSP00000321326,0.091,0.0,0.662,0.684
GP1BA,2811,H2BC4,9606.ENSP00000329380,9606.ENSP00000321744,0.045,0.4,0.0,0.402
GP1BA,2811,GFI1B,9606.ENSP00000329380,9606.ENSP00000344782,0.091,0.0,0.338,0.477
GP1BA,2811,H3C12,9606.ENSP00000329380,9606.ENSP00000352252,0.125,0.4,0.129,0.502
GP1BA,2811,H2BC21,9606.ENSP00000329380,9606.ENSP00000358151,0.045,0.4,0.069,0.42
GP1BB,2812,CLDN5,9606.ENSP00000383382,9606.ENSP00000385477,0.0,0.0,0.497,0.532
GP1BB,2812,SEPTIN5,9606.ENSP00000383382,9606.ENSP00000391311,0.0,0.0,0.897,0.902
GP9,2815,AQP10,9606.ENSP00000303942,9606.ENSP00000318355,0.042,0.0,0.042,0.435
GP9,2815,F2R,9606.ENSP00000303942,9606.ENSP00000321326,0.091,0.0,0.48,0.509
GP9,2815,GP1BA,9606.ENSP00000303942,9606.ENSP00000329380,0.783,0.9,0.999,0.999
GP9,2815,SCGB1C1,9606.ENSP00000303942,9606.ENSP00000344545,0.0,0.0,0.0,0.426
GP9,2815,GFI1B,9606.ENSP00000303942,9606.ENSP00000344782,0.091,0.0,0.297,0.516
CCR10,2826,CCR8,9606.ENSP00000332504,9606.ENSP00000326432,0.0,0.5,0.531,0.755
GSDMA,284110,IL1B,9606.ENSP00000301659,9606.ENSP00000263341,0.0,0.0,0.602,0.602
IGHV3-11,28450,LOC102723407,9606.ENSP00000474135,9606.ENSP00000478289,0.0,0.54,0.104,0.59
CXCL2,2920,CD83,9606.ENSP00000427279,9606.ENSP00000368450,0.0,0.0,0.269,0.425
CXCL2,2920,IL1R1,9606.ENSP00000427279,9606.ENSP00000386380,0.0,0.0,0.629,0.647
CXCL2,2920,TNFAIP3,9606.ENSP00000427279,9606.ENSP00000481570,0.0,0.0,0.479,0.718
GYS2,2998,GCK,9606.ENSP00000261195,9606.ENSP00000223366,0.0,0.0,0.569,0.616
H2AC8,3012,H2BC4,9606.ENSP00000303373,9606.ENSP00000321744,0.178,0.4,0.69,0.934
H2AC8,3012,GP1BA,9606.ENSP00000303373,9606.ENSP00000329380,0.0,0.4,0.0,0.401
H2AC8,3012,H3C12,9606.ENSP00000303373,9606.ENSP00000352252,0.985,0.4,0.845,0.998
H2AC8,3012,H2BC21,9606.ENSP00000303373,9606.ENSP00000358151,0.924,0.4,0.94,0.998
HGD,3081,SDS,9606.ENSP00000283871,9606.ENSP00000257549,0.0,0.0,0.462,0.497
ICAM1,3383,BCL3,9606.ENSP00000264832,9606.ENSP00000164227,0.0,0.0,0.545,0.666
ICAM1,3383,OSM,9606.ENSP00000264832,9606.ENSP00000215781,0.0,0.0,0.369,0.401
ICAM1,3383,NAMPT,9606.ENSP00000264832,9606.ENSP00000222553,0.0,0.0,0.372,0.432
ICAM1,3383,IGFBP2,9606.ENSP00000264832,9606.ENSP00000233809,0.0,0.0,0.493,0.493
ICAM1,3383,TNFAIP6,9606.ENSP00000264832,9606.ENSP00000243347,0.0,0.0,0.356,0.427
ICAM1,3383,EMP1,9606.ENSP00000264832,9606.ENSP00000256951,0.0,0.0,0.511,0.532
ICAM1,3383,IL1B,9606.ENSP00000264832,9606.ENSP00000263341,0.0,0.0,0.885,0.912
ICAM1,3383,SELP,9606.ENSP00000264832,9606.ENSP00000263686,0.0,0.0,0.927,0.932
ICAM1,3383,EGF,9606.ENSP00000264832,9606.ENSP00000265171,0.0,0.0,0.577,0.577
ICAM1,3383,ESAM,9606.ENSP00000264832,9606.ENSP00000278927,0.0,0.0,0.581,0.606
ICAM1,3383,PTX3,9606.ENSP00000264832,9606.ENSP00000295927,0.0,0.0,0.419,0.446
ICAM1,3383,CXCL5,9606.ENSP00000264832,9606.ENSP00000296027,0.0,0.0,0.652,0.683
ICAM1,3383,PF4,9606.ENSP00000264832,9606.ENSP00000296029,0.0,0.0,0.524,0.524
ICAM1,3383,CLEC1B,9606.ENSP00000264832,9606.ENSP00000298527,0.0,0.0,0.509,0.534
LANCL3,347404,XK,9606.ENSP00000367882,9606.ENSP00000367879,0.0,0.0,0.213,0.458
IGFBP2,3485,IL1B,9606.ENSP00000233809,9606.ENSP00000263341,0.0,0.0,0.587,0.587
IGFBP2,3485,ICAM1,9606.ENSP00000233809,9606.ENSP00000264832,0.0,0.0,0.493,0.493
IGFBP2,3485,EGF,9606.ENSP00000233809,9606.ENSP00000265171,0.0,0.0,0.47,0.47
IGFBP2,3485,PTX3,9606.ENSP00000233809,9606.ENSP00000295927,0.0,0.0,0.395,0.404
IL1B,3553,BCL3,9606.ENSP00000263341,9606.ENSP00000164227,0.0,0.0,0.657,0.719
IL1B,3553,OSM,9606.ENSP00000263341,9606.ENSP00000215781,0.0,0.0,0.62,0.749
IL1B,3553,NAMPT,9606.ENSP00000263341,9606.ENSP00000222553,0.0,0.0,0.584,0.661
IL1B,3553,SPARC,9606.ENSP00000263341,9606.ENSP00000231061,0.0,0.0,0.43,0.43
IL1B,3553,IGFBP2,9606.ENSP00000263341,9606.ENSP00000233809,0.0,0.0,0.587,0.587
IL1B,3553,TNFAIP6,9606.ENSP00000263341,9606.ENSP00000243347,0.0,0.0,0.696,0.752
IL1B,3553,SNAI1,9606.ENSP00000263341,9606.ENSP00000244050,0.0,0.0,0.478,0.489
IL1B,3553,SMAD7,9606.ENSP00000263341,9606.ENSP00000262158,0.0,0.0,0.501,0.526
IL1B,3553,SELP,9606.ENSP00000263341,9606.ENSP00000263686,0.0,0.0,0.721,0.746
IL1B,3553,ICAM1,9606.ENSP00000263341,9606.ENSP00000264832,0.0,0.0,0.885,0.912
IL1B,3553,EGF,9606.ENSP00000263341,9606.ENSP00000265171,0.0,0.0,0.762,0.762
IL1B,3553,PTX3,9606.ENSP00000263341,9606.ENSP00000295927,0.0,0.0,0.582,0.601
IL1B,3553,CXCL5,9606.ENSP00000263341,9606.ENSP00000296027,0.0,0.0,0.726,0.771
IL1B,3553,PF4,9606.ENSP00000263341,9606.ENSP00000296029,0.0,0.0,0.604,0.622
IL1B,3553,GSDMA,9606.ENSP00000263341,9606.ENSP00000301659,0.0,0.0,0.602,0.602
IL1R1,3554,CXCL2,9606.ENSP00000386380,9606.ENSP00000427279,0.0,0.0,0.629,0.647
IL1R1,3554,TNFAIP3,9606.ENSP00000386380,9606.ENSP00000481570,0.0,0.0,0.4,0.419
ITGB5,3693,SPARC,9606.ENSP00000296181,9606.ENSP00000231061,0.0,0.0,0.205,0.428
KRT5,3852,SNAI1,9606.ENSP00000252242,9606.ENSP00000244050,0.0,0.0,0.411,0.41
KRT5,3852,LYPD3,9606.ENSP00000252242,9606.ENSP00000244333,0.0,0.0,0.076,0.42
KRT5,3852,SLC7A5,9606.ENSP00000252242,9606.ENSP00000261622,0.045,0.0,0.424,0.427
KRT5,3852,EGF,9606.ENSP00000252242,9606.ENSP00000265171,0.0,0.0,0.514,0.514
LDLR,3949,STON2,9606.ENSP00000454071,9606.ENSP00000450857,0.0,0.5,0.0,0.499
SMAD7,4092,SNAI1,9606.ENSP00000262158,9606.ENSP00000244050,0.066,0.0,0.571,0.635
SMAD7,4092,IL1B,9606.ENSP00000262158,9606.ENSP00000263341,0.0,0.0,0.501,0.526
SMAD7,4092,EGF,9606.ENSP00000262158,9606.ENSP00000265171,0.0,0.0,0.419,0.418
SMAD7,4092,BMP6,9606.ENSP00000262158,9606.ENSP00000283147,0.095,0.0,0.554,0.587
MEIS1,4211,TAL1,9606.ENSP00000272369,9606.ENSP00000294339,0.047,0.0,0.519,0.53
MMP9,4318,FOSL1,9606.ENSP00000361405,9606.ENSP00000310170,0.0,0.0,0.439,0.439
MMP9,4318,CLU,9606.ENSP00000361405,9606.ENSP00000315130,0.292,0.0,0.614,0.718
MMP9,4318,F2R,9606.ENSP00000361405,9606.ENSP00000321326,0.05,0.0,0.432,0.441
MMP9,4318,CCR8,9606.ENSP00000361405,9606.ENSP00000326432,0.0,0.0,0.399,0.401
MMP9,4318,PLAUR,9606.ENSP00000361405,9606.ENSP00000339328,0.0,0.0,0.738,0.772
MMP9,4318,H3C12,9606.ENSP00000361405,9606.ENSP00000352252,0.0,0.0,0.663,0.668
MMP9,4318,COL18A1,9606.ENSP00000361405,9606.ENSP00000352798,0.238,0.75,0.588,0.92
MMP9,4318,PTGS2,9606.ENSP00000361405,9606.ENSP00000356438,0.0,0.0,0.785,0.815
GADD45B,4616,CSRNP1,9606.ENSP00000215631,9606.ENSP00000273153,0.0,0.0,0.378,0.858
GADD45B,4616,CCNB2,9606.ENSP00000215631,9606.ENSP00000288207,0.0,0.9,0.298,0.926
NPAS2,4862,PER1,9606.ENSP00000338283,9606.ENSP00000314420,0.746,0.5,0.354,0.91
NRGN,4900,TUBB1,9606.ENSP00000284292,9606.ENSP00000217133,0.0,0.0,0.193,0.526
NRGN,4900,ACRBP,9606.ENSP00000284292,9606.ENSP00000229243,0.0,0.0,0.125,0.446
NR4A2,4929,PTGS2,9606.ENSP00000344479,9606.ENSP00000356438,0.061,0.0,0.32,0.524
OSM,5008,IL1B,9606.ENSP00000215781,9606.ENSP00000263341,0.0,0.0,0.62,0.749
OSM,5008,ICAM1,9606.ENSP00000215781,9606.ENSP00000264832,0.0,0.0,0.369,0.401
OSM,5008,EGF,9606.ENSP00000215781,9606.ENSP00000265171,0.0,0.0,0.577,0.577
PCSK6,5046,EOMES,9606.ENSP00000482760,9606.ENSP00000388620,0.046,0.0,0.482,0.495
G0S2,50486,PTGS2,9606.ENSP00000355996,9606.ENSP00000356438,0.0,0.0,0.181,0.436
PBX1,5087,LOC102723407,9606.ENSP00000405890,9606.ENSP00000478289,0.0,0.0,0.506,0.506
CLEC1B,51266,TUBB1,9606.ENSP00000298527,9606.ENSP00000217133,0.103,0.0,0.088,0.546
CLEC1B,51266,ACRBP,9606.ENSP00000298527,9606.ENSP00000229243,0.0,0.0,0.065,0.451
CLEC1B,51266,SELP,9606.ENSP00000298527,9606.ENSP00000263686,0.0,0.0,0.712,0.78
CLEC1B,51266,ICAM1,9606.ENSP00000298527,9606.ENSP00000264832,0.0,0.0,0.509,0.534
CLEC1B,51266,PF4,9606.ENSP00000298527,9606.ENSP00000296029,0.0,0.0,0.582,0.71
TNFRSF12A,51330,FOSL1,9606.ENSP00000326737,9606.ENSP00000310170,0.0,0.0,0.196,0.401
TNFRSF12A,51330,PLAUR,9606.ENSP00000326737,9606.ENSP00000339328,0.0,0.0,0.242,0.422
TUBA8,51807,TUBB6,9606.ENSP00000333326,9606.ENSP00000318697,0.287,0.65,0.811,0.964
TUBA8,51807,H2BC21,9606.ENSP00000333326,9606.ENSP00000358151,0.0,0.0,0.467,0.467
PER1,5187,NPAS2,9606.ENSP00000314420,9606.ENSP00000338283,0.746,0.5,0.354,0.91
PF4,5196,TUBB1,9606.ENSP00000296029,9606.ENSP00000217133,0.0,0.0,0.226,0.623
PF4,5196,TNFAIP6,9606.ENSP00000296029,9606.ENSP00000243347,0.405,0.0,0.172,0.497
PF4,5196,IL1B,9606.ENSP00000296029,9606.ENSP00000263341,0.0,0.0,0.604,0.622
PF4,5196,SELP,9606.ENSP00000296029,9606.ENSP00000263686,0.0,0.0,0.905,0.921
PF4,5196,ICAM1,9606.ENSP00000296029,9606.ENSP00000264832,0.0,0.0,0.524,0.524
PF4,5196,EGF,9606.ENSP00000296029,9606.ENSP00000265171,0.0,0.0,0.617,0.625
PF4,5196,CXCL5,9606.ENSP00000296029,9606.ENSP00000296027,0.0,0.4,0.163,0.527
PF4,5196,CLEC1B,9606.ENSP00000296029,9606.ENSP00000298527,0.0,0.0,0.582,0.71
PLAUR,5329,FOSL1,9606.ENSP00000339328,9606.ENSP00000310170,0.0,0.0,0.358,0.503
PLAUR,5329,TNFRSF12A,9606.ENSP00000339328,9606.ENSP00000326737,0.0,0.0,0.242,0.422
PLAUR,5329,PTGS2,9606.ENSP00000339328,9606.ENSP00000356438,0.0,0.0,0.348,0.489
PLAUR,5329,MMP9,9606.ENSP00000339328,9606.ENSP00000361405,0.0,0.0,0.738,0.772
SEPTIN5,5413,GP1BB,9606.ENSP00000391311,9606.ENSP00000383382,0.0,0.0,0.897,0.902
P3H2,55214,COL18A1,9606.ENSP00000316881,9606.ENSP00000352798,0.0,0.5,0.229,0.607
PLAAT1,57110,THBD,9606.ENSP00000498228,9606.ENSP00000366307,0.102,0.0,0.497,0.531
PTGS2,5743,FOSL1,9606.ENSP00000356438,9606.ENSP00000310170,0.0,0.0,0.391,0.455
PTGS2,5743,PLAUR,9606.ENSP00000356438,9606.ENSP00000339328,0.0,0.0,0.348,0.489
PTGS2,5743,NR4A2,9606.ENSP00000356438,9606.ENSP00000344479,0.061,0.0,0.32,0.524
PTGS2,5743,G0S2,9606.ENSP00000356438,9606.ENSP00000355996,0.0,0.0,0.181,0.436
PTGS2,5743,MMP9,9606.ENSP00000356438,9606.ENSP00000361405,0.0,0.0,0.785,0.815
PTX3,5806,IGFBP2,9606.ENSP00000295927,9606.ENSP00000233809,0.0,0.0,0.395,0.404
PTX3,5806,TNFAIP6,9606.ENSP00000295927,9606.ENSP00000243347,0.405,0.0,0.95,0.975
PTX3,5806,IL1B,9606.ENSP00000295927,9606.ENSP00000263341,0.0,0.0,0.582,0.601
PTX3,5806,SELP,9606.ENSP00000295927,9606.ENSP00000263686,0.0,0.0,0.931,0.933
PTX3,5806,ICAM1,9606.ENSP00000295927,9606.ENSP00000264832,0.0,0.0,0.419,0.446
RAB27B,5874,SELP,9606.ENSP00000262094,9606.ENSP00000263686,0.0,0.4,0.136,0.471
BCL3,602,IL1B,9606.ENSP00000164227,9606.ENSP00000263341,0.0,0.0,0.657,0.719
BCL3,602,ICAM1,9606.ENSP00000164227,9606.ENSP00000264832,0.0,0.0,0.545,0.666
RRM2,6241,CDCA7,9606.ENSP00000353770,9606.ENSP00000306968,0.0,0.0,0.424,0.613
RRM2,6241,AURKB,9606.ENSP00000353770,9606.ENSP00000313950,0.0,0.0,0.596,0.84
RRM2,6241,UBE2C,9606.ENSP00000353770,9606.ENSP00000348838,0.068,0.0,0.749,0.931
RRM2,6241,E2F2,9606.ENSP00000353770,9606.ENSP00000355249,0.0,0.0,0.354,0.435
CXCL5,6374,IL1B,9606.ENSP00000296027,9606.ENSP00000263341,0.0,0.0,0.726,0.771
CXCL5,6374,SELP,9606.ENSP00000296027,9606.ENSP00000263686,0.0,0.0,0.38,0.428
CXCL5,6374,ICAM1,9606.ENSP00000296027,9606.ENSP00000264832,0.0,0.0,0.652,0.683
CXCL5,6374,EGF,9606.ENSP00000296027,9606.ENSP00000265171,0.0,0.0,0.664,0.668
CXCL5,6374,PF4,9606.ENSP00000296027,9606.ENSP00000296029,0.0,0.4,0.163,0.527
SELP,6403,TNFAIP6,9606.ENSP00000263686,9606.ENSP00000243347,0.0,0.0,0.48,0.514
SELP,6403,RAB27B,9606.ENSP00000263686,9606.ENSP00000262094,0.0,0.4,0.136,0.471
SELP,6403,IL1B,9606.ENSP00000263686,9606.ENSP00000263341,0.0,0.0,0.721,0.746
SELP,6403,ICAM1,9606.ENSP00000263686,9606.ENSP00000264832,0.0,0.0,0.927,0.932
SELP,6403,EGF,9606.ENSP00000263686,9606.ENSP00000265171,0.0,0.0,0.64,0.662
SELP,6403,ESAM,9606.ENSP00000263686,9606.ENSP00000278927,0.0,0.0,0.712,0.776
SELP,6403,PTX3,9606.ENSP00000263686,9606.ENSP00000295927,0.0,0.0,0.931,0.933
SELP,6403,CXCL5,9606.ENSP00000263686,9606.ENSP00000296027,0.0,0.0,0.38,0.428
SELP,6403,PF4,9606.ENSP00000263686,9606.ENSP00000296029,0.0,0.0,0.905,0.921
SELP,6403,CLEC1B,9606.ENSP00000263686,9606.ENSP00000298527,0.0,0.0,0.712,0.78
CSRNP1,64651,GADD45B,9606.ENSP00000273153,9606.ENSP00000215631,0.0,0.0,0.378,0.858
CSRNP1,64651,SIK1,9606.ENSP00000273153,9606.ENSP00000270162,0.0,0.0,0.187,0.45
BMP6,654,TNFAIP6,9606.ENSP00000283147,9606.ENSP00000243347,0.275,0.0,0.248,0.432
BMP6,654,SMAD7,9606.ENSP00000283147,9606.ENSP00000262158,0.095,0.0,0.554,0.587
BMP6,654,EGF,9606.ENSP00000283147,9606.ENSP00000265171,0.0,0.0,0.407,0.416
SNAI1,6615,SPARC,9606.ENSP00000244050,9606.ENSP00000231061,0.0,0.0,0.37,0.471
SNAI1,6615,KRT5,9606.ENSP00000244050,9606.ENSP00000252242,0.0,0.0,0.411,0.41
SNAI1,6615,SMAD7,9606.ENSP00000244050,9606.ENSP00000262158,0.066,0.0,0.571,0.635
SNAI1,6615,IL1B,9606.ENSP00000244050,9606.ENSP00000263341,0.0,0.0,0.478,0.489
SNAI1,6615,EGF,9606.ENSP00000244050,9606.ENSP00000265171,0.0,0.0,0.702,0.702
SPARC,6678,SNAI1,9606.ENSP00000231061,9606.ENSP00000244050,0.0,0.0,0.37,0.471
SPARC,6678,IL1B,9606.ENSP00000231061,9606.ENSP00000263341,0.0,0.0,0.43,0.43
SPARC,6678,EGF,9606.ENSP00000231061,9606.ENSP00000265171,0.0,0.0,0.596,0.598
SPARC,6678,ITGB5,9606.ENSP00000231061,9606.ENSP00000296181,0.0,0.0,0.205,0.428
TAL1,6886,MEIS1,9606.ENSP00000294339,9606.ENSP00000272369,0.047,0.0,0.519,0.53
TAL1,6886,PDZK1IP1,9606.ENSP00000294339,9606.ENSP00000294338,0.0,0.0,0.529,0.536
THBD,7056,CD83,9606.ENSP00000366307,9606.ENSP00000368450,0.0,0.0,0.542,0.549
THBD,7056,PLAAT1,9606.ENSP00000366307,9606.ENSP00000498228,0.102,0.0,0.497,0.531
THRB,7068,MED12L,9606.ENSP00000379904,9606.ENSP00000417235,0.064,0.65,0.0,0.658
CLDN5,7122,GP1BB,9606.ENSP00000385477,9606.ENSP00000383382,0.0,0.0,0.497,0.532
TNFAIP3,7128,CD83,9606.ENSP00000481570,9606.ENSP00000368450,0.0,0.0,0.311,0.595
TNFAIP3,7128,IL1R1,9606.ENSP00000481570,9606.ENSP00000386380,0.0,0.0,0.4,0.419
TNFAIP3,7128,CXCL2,9606.ENSP00000481570,9606.ENSP00000427279,0.0,0.0,0.479,0.718
TNFAIP3,7128,MAFF,9606.ENSP00000481570,9606.ENSP00000442060,0.0,0.0,0.185,0.484
TNFAIP6,7130,IL1B,9606.ENSP00000243347,9606.ENSP00000263341,0.0,0.0,0.696,0.752
TNFAIP6,7130,SELP,9606.ENSP00000243347,9606.ENSP00000263686,0.0,0.0,0.48,0.514
TNFAIP6,7130,ICAM1,9606.ENSP00000243347,9606.ENSP00000264832,0.0,0.0,0.356,0.427
TNFAIP6,7130,EGF,9606.ENSP00000243347,9606.ENSP00000265171,0.133,0.0,0.416,0.472
TNFAIP6,7130,BMP6,9606.ENSP00000243347,9606.ENSP00000283147,0.275,0.0,0.248,0.432
TNFAIP6,7130,PTX3,9606.ENSP00000243347,9606.ENSP00000295927,0.405,0.0,0.95,0.975
TNFAIP6,7130,PF4,9606.ENSP00000243347,9606.ENSP00000296029,0.405,0.0,0.172,0.497
VEGFA,7422,P3H2,9606.ENSP00000352798,9606.ENSP00000316881,0.0,0.5,0.229,0.607
VEGFA,7422,MMP9,9606.ENSP00000352798,9606.ENSP00000361405,0.238,0.75,0.588,0.92
XK,7504,LANCL3,9606.ENSP00000367879,9606.ENSP00000367882,0.0,0.0,0.213,0.458
NR4A3,8013,MAFF,9606.ENSP00000482027,9606.ENSP00000442060,0.071,0.0,0.261,0.462
ULBP2,80328,CCR8,9606.ENSP00000356320,9606.ENSP00000326432,0.0,0.0,0.723,0.723
FOSL1,8061,TNFRSF12A,9606.ENSP00000310170,9606.ENSP00000326737,0.0,0.0,0.196,0.401
FOSL1,8061,PLAUR,9606.ENSP00000310170,9606.ENSP00000339328,0.0,0.0,0.358,0.503
FOSL1,8061,PTGS2,9606.ENSP00000310170,9606.ENSP00000356438,0.0,0.0,0.391,0.455
FOSL1,8061,MMP9,9606.ENSP00000310170,9606.ENSP00000361405,0.0,0.0,0.439,0.439
TUBB1,81027,ACRBP,9606.ENSP00000217133,9606.ENSP00000229243,0.0,0.0,0.106,0.784
TUBB1,81027,ALOX12,9606.ENSP00000217133,9606.ENSP00000251535,0.0,0.0,0.042,0.409
TUBB1,81027,NRGN,9606.ENSP00000217133,9606.ENSP00000284292,0.0,0.0,0.193,0.526
TUBB1,81027,PF4,9606.ENSP00000217133,9606.ENSP00000296029,0.0,0.0,0.226,0.623
TUBB1,81027,CLEC1B,9606.ENSP00000217133,9606.ENSP00000298527,0.103,0.0,0.088,0.546
SLC7A5,8140,KRT5,9606.ENSP00000261622,9606.ENSP00000252242,0.045,0.0,0.424,0.427
EOMES,8320,PCSK6,9606.ENSP00000388620,9606.ENSP00000482760,0.046,0.0,0.482,0.495
GFI1B,8328,GP9,9606.ENSP00000344782,9606.ENSP00000303942,0.091,0.0,0.297,0.516
GFI1B,8328,GP1BA,9606.ENSP00000344782,9606.ENSP00000329380,0.091,0.0,0.338,0.477
H2AC6,8334,H2BC11,9606.ENSP00000367022,9606.ENSP00000476136,0.92,0.4,0.542,0.988
H2AC6,8334,H2BC17,9606.ENSP00000367022,9606.ENSP00000477527,0.967,0.4,0.254,0.99
H2AC6,8334,H2BC9,9606.ENSP00000367022,9606.ENSP00000479169,0.967,0.4,0.21,0.992
H2BC9,8345,H2AC6,9606.ENSP00000479169,9606.ENSP00000367022,0.967,0.4,0.21,0.992
H2BC9,8345,H2BC11,9606.ENSP00000479169,9606.ENSP00000476136,0.297,0.4,0.043,0.744
H2BC9,8345,H2BC17,9606.ENSP00000479169,9606.ENSP00000477527,0.812,0.4,0.044,0.971
CDCA3,83461,KIF20A,9606.ENSP00000442068,9606.ENSP00000378356,0.0,0.0,0.522,0.93
H2BC4,8347,H2AC8,9606.ENSP00000321744,9606.ENSP00000303373,0.178,0.4,0.69,0.934
H2BC4,8347,AURKB,9606.ENSP00000321744,9606.ENSP00000313950,0.096,0.0,0.447,0.479
H2BC4,8347,GP1BA,9606.ENSP00000321744,9606.ENSP00000329380,0.045,0.4,0.0,0.402
H2BC4,8347,MLH3,9606.ENSP00000321744,9606.ENSP00000348020,0.0,0.5,0.0,0.501
H2BC4,8347,H3C12,9606.ENSP00000321744,9606.ENSP00000352252,0.829,0.4,0.862,0.989
H2BC4,8347,H2BC21,9606.ENSP00000321744,9606.ENSP00000358151,0.905,0.4,0.048,0.977
H2BC17,8348,H2AC6,9606.ENSP00000477527,9606.ENSP00000367022,0.967,0.4,0.254,0.99
H2BC17,8348,H2BC11,9606.ENSP00000477527,9606.ENSP00000476136,0.319,0.4,0.044,0.78
H2BC17,8348,H2BC9,9606.ENSP00000477527,9606.ENSP00000479169,0.812,0.4,0.044,0.971
H2BC21,8349,H2AC8,9606.ENSP00000358151,9606.ENSP00000303373,0.924,0.4,0.94,0.998
H2BC21,8349,AURKB,9606.ENSP00000358151,9606.ENSP00000313950,0.308,0.0,0.597,0.709
H2BC21,8349,H2BC4,9606.ENSP00000358151,9606.ENSP00000321744,0.905,0.4,0.048,0.977
H2BC21,8349,GP1BA,9606.ENSP00000358151,9606.ENSP00000329380,0.045,0.4,0.069,0.42
H2BC21,8349,TUBA8,9606.ENSP00000358151,9606.ENSP00000333326,0.0,0.0,0.467,0.467
H2BC21,8349,MLH3,9606.ENSP00000358151,9606.ENSP00000348020,0.0,0.5,0.072,0.52
H2BC21,8349,H3C12,9606.ENSP00000358151,9606.ENSP00000352252,0.836,0.4,0.999,0.999
H3C10,8357,H2AC8,9606.ENSP00000352252,9606.ENSP00000303373,0.985,0.4,0.845,0.998
H3C10,8357,AURKB,9606.ENSP00000352252,9606.ENSP00000313950,0.149,0.0,0.887,0.909
H3C10,8357,H2BC4,9606.ENSP00000352252,9606.ENSP00000321744,0.829,0.4,0.862,0.989
H3C10,8357,GP1BA,9606.ENSP00000352252,9606.ENSP00000329380,0.125,0.4,0.129,0.502
H3C10,8357,H2BC21,9606.ENSP00000352252,9606.ENSP00000358151,0.836,0.4,0.999,0.999
H3C10,8357,MMP9,9606.ENSP00000352252,9606.ENSP00000361405,0.0,0.0,0.663,0.668
CDCA7,83879,AURKB,9606.ENSP00000306968,9606.ENSP00000313950,0.067,0.0,0.5,0.635
CDCA7,83879,UBE2C,9606.ENSP00000306968,9606.ENSP00000348838,0.088,0.0,0.341,0.594
CDCA7,83879,RRM2,9606.ENSP00000306968,9606.ENSP00000353770,0.0,0.0,0.424,0.613
ACRBP,84519,TUBB1,9606.ENSP00000229243,9606.ENSP00000217133,0.0,0.0,0.106,0.784
ACRBP,84519,ALOX12,9606.ENSP00000229243,9606.ENSP00000251535,0.0,0.0,0.0,0.445
ACRBP,84519,NRGN,9606.ENSP00000229243,9606.ENSP00000284292,0.0,0.0,0.125,0.446
ACRBP,84519,CLEC1B,9606.ENSP00000229243,9606.ENSP00000298527,0.0,0.0,0.065,0.451
TUBB6,84617,TUBA8,9606.ENSP00000318697,9606.ENSP00000333326,0.287,0.65,0.811,0.964
AFAP1L2,84632,EGF,9606.ENSP00000303042,9606.ENSP00000265171,0.0,0.0,0.404,0.405
AFAP1L2,84632,ASAP2,9606.ENSP00000303042,9606.ENSP00000281419,0.0,0.0,0.38,0.406
AFAP1L2,84632,CXADR,9606.ENSP00000303042,9606.ENSP00000284878,0.0,0.0,0.444,0.444
STON2,85439,SH3BP4,9606.ENSP00000450857,9606.ENSP00000386862,0.0,0.0,0.522,0.522
STON2,85439,LDLR,9606.ENSP00000450857,9606.ENSP00000454071,0.0,0.5,0.0,0.499
ASAP2,8853,AFAP1L2,9606.ENSP00000281419,9606.ENSP00000303042,0.0,0.0,0.38,0.406
H2BC11,8970,H2AC6,9606.ENSP00000476136,9606.ENSP00000367022,0.92,0.4,0.542,0.988
H2BC11,8970,H2BC17,9606.ENSP00000476136,9606.ENSP00000477527,0.319,0.4,0.044,0.78
H2BC11,8970,H2BC9,9606.ENSP00000476136,9606.ENSP00000479169,0.297,0.4,0.043,0.744
AQP10,89872,GP9,9606.ENSP00000318355,9606.ENSP00000303942,0.042,0.0,0.042,0.435
AQP10,89872,SCGB1C1,9606.ENSP00000318355,9606.ENSP00000344545,0.0,0.0,0.0,0.434
ESAM,90952,SELP,9606.ENSP00000278927,9606.ENSP00000263686,0.0,0.0,0.712,0.776
ESAM,90952,ICAM1,9606.ENSP00000278927,9606.ENSP00000264832,0.0,0.0,0.581,0.606
PDLIM1,9124,AURKB,9606.ENSP00000360305,9606.ENSP00000313950,0.0,0.0,0.431,0.446
CCNB2,9133,GADD45B,9606.ENSP00000288207,9606.ENSP00000215631,0.0,0.9,0.298,0.926
CCNB2,9133,TROAP,9606.ENSP00000288207,9606.ENSP00000257909,0.0,0.0,0.282,0.674
CCNB2,9133,TPX2,9606.ENSP00000288207,9606.ENSP00000300403,0.045,0.0,0.725,0.953
AURKB,9212,CDCA7,9606.ENSP00000313950,9606.ENSP00000306968,0.067,0.0,0.5,0.635
AURKB,9212,H2BC4,9606.ENSP00000313950,9606.ENSP00000321744,0.096,0.0,0.447,0.479
AURKB,9212,UBE2C,9606.ENSP00000313950,9606.ENSP00000348838,0.053,0.4,0.704,0.955
AURKB,9212,H3C12,9606.ENSP00000313950,9606.ENSP00000352252,0.149,0.0,0.887,0.909
AURKB,9212,RRM2,9606.ENSP00000313950,9606.ENSP00000353770,0.0,0.0,0.596,0.84
AURKB,9212,E2F2,9606.ENSP00000313950,9606.ENSP00000355249,0.0,0.0,0.388,0.459
AURKB,9212,H2BC21,9606.ENSP00000313950,9606.ENSP00000358151,0.308,0.0,0.597,0.709
AURKB,9212,PDLIM1,9606.ENSP00000313950,9606.ENSP00000360305,0.0,0.0,0.431,0.446
CD83,9308,THBD,9606.ENSP00000368450,9606.ENSP00000366307,0.0,0.0,0.542,0.549
CD83,9308,CXCL2,9606.ENSP00000368450,9606.ENSP00000427279,0.0,0.0,0.269,0.425
CD83,9308,TNFAIP3,9606.ENSP00000368450,9606.ENSP00000481570,0.0,0.0,0.311,0.595
