symbol,geneid,description,pvalue,padj,log2foldchange,stat,basemean,ingested_at,bronze_source_file,series_id,gb_acc,neg_log10_pvalue,dataset_id
MLH3,27030,mutL homolog 3,1.16e-09,1.86e-05,1.95283,6.08522,660.07,2026-04-21T19:52:28.856995+00:00,bronze_GSE251849.csv,GSE251849,,4.731,NOS0001
PDZK1IP1,10158,PDZK1 interacting protein 1,4.35e-09,3.18e-05,3.12859,5.87034,262.25,2026-04-21T19:52:28.856995+00:00,bronze_GSE251849.csv,GSE251849,,4.497,NOS0001
ENKUR,219670,"enkurin, TRPC channel interacting protein",5.97e-09,3.18e-05,1.54009,5.81756,121.0,2026-04-21T19:52:28.856995+00:00,bronze_GSE251849.csv,GSE251849,,4.497,NOS0001
CXCL5,6374,C-X-C motif chemokine ligand 5,9.44e-09,3.77e-05,1.95981,5.74051,187.16,2026-04-21T19:52:28.856995+00:00,bronze_GSE251849.csv,GSE251849,,4.423,NOS0001
SAMD4A-AS1,729451,SAMD4A antisense RNA 1,7.85e-08,0.0001792,1.83465,5.37056,73.38,2026-04-21T19:52:28.856995+00:00,bronze_GSE251849.csv,GSE251849,,3.747,NOS0001
MAP3K7CL,56911,MAP3K7 C-terminal like,1.83e-07,0.0003651,1.54358,5.21606,1271.78,2026-04-21T19:52:28.856995+00:00,bronze_GSE251849.csv,GSE251849,,3.438,NOS0001
IGFBP2,3485,insulin like growth factor binding protein 2,4.32e-07,0.0006275,2.31685,5.05435,66.68,2026-04-21T19:52:28.856995+00:00,bronze_GSE251849.csv,GSE251849,,3.202,NOS0001
CCR8,1237,C-C motif chemokine receptor 8,4.28e-07,0.0006275,1.55474,5.05604,65.13,2026-04-21T19:52:28.856995+00:00,bronze_GSE251849.csv,GSE251849,,3.202,NOS0001
C2orf88,84281,chromosome 2 open reading frame 88,1.01e-06,0.0012441,1.58944,4.8893,287.04,2026-04-21T19:52:28.856995+00:00,bronze_GSE251849.csv,GSE251849,,2.905,NOS0001
LINC00892,100128420,long intergenic non-protein coding RNA 892,9.93e-07,0.0012441,1.28058,4.89295,75.71,2026-04-21T19:52:28.856995+00:00,bronze_GSE251849.csv,GSE251849,,2.905,NOS0001
NAT8B,51471,"N-acetyltransferase 8B (putative, gene/pseudogene)",1.2e-06,0.0013698,1.37898,4.85566,44.13,2026-04-21T19:52:28.856995+00:00,bronze_GSE251849.csv,GSE251849,,2.863,NOS0001
THRB-AS2,101927854,THRB antisense RNA 2,1.44e-06,0.0015389,1.68684,4.8188,287.16,2026-04-21T19:52:28.856995+00:00,bronze_GSE251849.csv,GSE251849,,2.813,NOS0001
CA2,760,carbonic anhydrase 2,2.18e-06,0.0019324,1.50185,4.73633,576.97,2026-04-21T19:52:28.856995+00:00,bronze_GSE251849.csv,GSE251849,,2.714,NOS0001
LINC00989,100506035,long intergenic non-protein coding RNA 989,2.76e-06,0.0021017,2.19789,4.68782,226.28,2026-04-21T19:52:28.856995+00:00,bronze_GSE251849.csv,GSE251849,,2.677,NOS0001
RAB27B,5874,"RAB27B, member RAS oncogene family",2.76e-06,0.0021017,1.36983,4.68821,61.6,2026-04-21T19:52:28.856995+00:00,bronze_GSE251849.csv,GSE251849,,2.677,NOS0001
LOC107985270,107985270,,3.46e-06,0.0025115,2.41319,4.64161,104.31,2026-04-21T19:52:28.856995+00:00,bronze_GSE251849.csv,GSE251849,,2.6,NOS0001
SNAI1,6615,snail family transcriptional repressor 1,3.8e-06,0.0025322,-5.99696,-4.6219,324.89,2026-04-21T19:52:28.856995+00:00,bronze_GSE251849.csv,GSE251849,,2.596,NOS0001
PIF1,80119,PIF1 5'-to-3' DNA helicase,4.93e-06,0.003152,1.55308,4.56774,39.05,2026-04-21T19:52:28.856995+00:00,bronze_GSE251849.csv,GSE251849,,2.501,NOS0001
CLSTN3,9746,calsyntenin 3,7.05e-06,0.0043362,1.32114,4.49206,175.12,2026-04-21T19:52:28.856995+00:00,bronze_GSE251849.csv,GSE251849,,2.363,NOS0001
TSC22D1,8848,TSC22 domain family member 1,7.73e-06,0.0043568,1.12844,4.47244,883.45,2026-04-21T19:52:28.856995+00:00,bronze_GSE251849.csv,GSE251849,,2.361,NOS0001
IGLV3-27,28791,immunoglobulin lambda variable 3-27,7.59e-06,0.0043568,2.05103,4.47629,55.53,2026-04-21T19:52:28.856995+00:00,bronze_GSE251849.csv,GSE251849,,2.361,NOS0001
IGLV2-5,28818,immunoglobulin lambda variable 2-5 (pseudogene),7.91e-06,0.0043568,1.14113,4.46774,48.9,2026-04-21T19:52:28.856995+00:00,bronze_GSE251849.csv,GSE251849,,2.361,NOS0001
RNF5P1,286140,ring finger protein 5 pseudogene 1,8.65e-06,0.0044991,1.89509,4.44855,22.35,2026-04-21T19:52:28.856995+00:00,bronze_GSE251849.csv,GSE251849,,2.347,NOS0001
LOC107985819,107985819,,1.03e-05,0.0049838,2.49525,4.41099,27.31,2026-04-21T19:52:28.856995+00:00,bronze_GSE251849.csv,GSE251849,,2.302,NOS0001
PTGS2,5743,prostaglandin-endoperoxide synthase 2,1.19e-05,0.00542,-2.11242,-4.37998,144.98,2026-04-21T19:52:28.856995+00:00,bronze_GSE251849.csv,GSE251849,,2.266,NOS0001
ABCC3,8714,ATP binding cassette subfamily C member 3,1.17e-05,0.00542,1.41762,4.38393,639.62,2026-04-21T19:52:28.856995+00:00,bronze_GSE251849.csv,GSE251849,,2.266,NOS0001
H3C10,8357,H3 clustered histone 10,1.27e-05,0.0055005,1.76029,4.36464,743.47,2026-04-21T19:52:28.856995+00:00,bronze_GSE251849.csv,GSE251849,,2.26,NOS0001
IGHV3-9,28451,immunoglobulin heavy variable 3-9,1.27e-05,0.0055005,2.06313,4.36592,46.06,2026-04-21T19:52:28.856995+00:00,bronze_GSE251849.csv,GSE251849,,2.26,NOS0001
TPX2,22974,TPX2 microtubule nucleation factor,1.33e-05,0.0056061,1.7143,4.35464,56.58,2026-04-21T19:52:28.856995+00:00,bronze_GSE251849.csv,GSE251849,,2.251,NOS0001
GFI1B,8328,growth factor independent 1B transcriptional repressor,1.47e-05,0.0060277,1.78214,4.33301,665.42,2026-04-21T19:52:28.856995+00:00,bronze_GSE251849.csv,GSE251849,,2.22,NOS0001
TGFB1I1,7041,transforming growth factor beta 1 induced transcript 1,1.59e-05,0.0061796,1.98145,4.3165,44.68,2026-04-21T19:52:28.856995+00:00,bronze_GSE251849.csv,GSE251849,,2.209,NOS0001
PTX3,5806,pentraxin 3,1.91e-05,0.0069427,-2.51639,-4.27501,199.32,2026-04-21T19:52:28.856995+00:00,bronze_GSE251849.csv,GSE251849,,2.158,NOS0001
ACRBP,84519,acrosin binding protein,2.09e-05,0.00743,1.33538,4.25485,1260.94,2026-04-21T19:52:28.856995+00:00,bronze_GSE251849.csv,GSE251849,,2.129,NOS0001
ZNF385D,79750,zinc finger protein 385D,2.27e-05,0.0077307,2.08716,4.2362,26.65,2026-04-21T19:52:28.856995+00:00,bronze_GSE251849.csv,GSE251849,,2.112,NOS0001
MFAP3L,9848,microfibril associated protein 3 like,2.42e-05,0.0080531,1.59005,4.22227,98.78,2026-04-21T19:52:28.856995+00:00,bronze_GSE251849.csv,GSE251849,,2.094,NOS0001
SPX,80763,spexin hormone,2.51e-05,0.008174,1.59192,4.21426,60.37,2026-04-21T19:52:28.856995+00:00,bronze_GSE251849.csv,GSE251849,,2.088,NOS0001
CAVIN2,8436,caveolae associated protein 2,2.75e-05,0.0087769,1.81109,4.19359,3905.01,2026-04-21T19:52:28.856995+00:00,bronze_GSE251849.csv,GSE251849,,2.057,NOS0001
FHL2,2274,four and a half LIM domains 2,2.83e-05,0.008879,1.32777,4.18648,57.99,2026-04-21T19:52:28.856995+00:00,bronze_GSE251849.csv,GSE251849,,2.052,NOS0001
H2BC11,8970,H2B clustered histone 11,2.94e-05,0.0089339,1.58853,4.17802,78.67,2026-04-21T19:52:28.856995+00:00,bronze_GSE251849.csv,GSE251849,,2.049,NOS0001
CD248,57124,CD248 molecule,3.02e-05,0.0089339,-1.30977,-4.17207,198.35,2026-04-21T19:52:28.856995+00:00,bronze_GSE251849.csv,GSE251849,,2.049,NOS0001
GYS2,2998,glycogen synthase 2,3.02e-05,0.0089339,1.77145,4.17208,44.25,2026-04-21T19:52:28.856995+00:00,bronze_GSE251849.csv,GSE251849,,2.049,NOS0001
VIT,5212,vitrin,3.33e-05,0.0094007,2.49965,4.14992,22.23,2026-04-21T19:52:28.856995+00:00,bronze_GSE251849.csv,GSE251849,,2.027,NOS0001
SMANTIS,107985770,SMARCA4 interacting SWI/SNF chromatin remodeling complex scaffold lncRNA,3.32e-05,0.0094007,1.56922,4.14999,261.7,2026-04-21T19:52:28.856995+00:00,bronze_GSE251849.csv,GSE251849,,2.027,NOS0001
PALLD,23022,"palladin, cytoskeletal associated protein",3.47e-05,0.0094007,1.14948,4.14019,138.25,2026-04-21T19:52:28.856995+00:00,bronze_GSE251849.csv,GSE251849,,2.027,NOS0001
PDLIM1,9124,PDZ and LIM domain 1,3.46e-05,0.0094007,1.14234,4.14099,1286.39,2026-04-21T19:52:28.856995+00:00,bronze_GSE251849.csv,GSE251849,,2.027,NOS0001
TNNC2,7125,"troponin C2, fast skeletal type",3.4e-05,0.0094007,1.90153,4.14489,43.21,2026-04-21T19:52:28.856995+00:00,bronze_GSE251849.csv,GSE251849,,2.027,NOS0001
MEIS1,4211,Meis homeobox 1,4.01e-05,0.0102509,1.80046,4.1069,125.42,2026-04-21T19:52:28.856995+00:00,bronze_GSE251849.csv,GSE251849,,1.989,NOS0001
MED12L,116931,mediator complex subunit 12L,3.99e-05,0.0102509,1.41843,4.10783,42.98,2026-04-21T19:52:28.856995+00:00,bronze_GSE251849.csv,GSE251849,,1.989,NOS0001
LYPD3,27076,LY6/PLAUR domain containing 3,4.21e-05,0.010357,-4.28141,-4.09553,479.0,2026-04-21T19:52:28.856995+00:00,bronze_GSE251849.csv,GSE251849,,1.985,NOS0001
ZNF681,148213,zinc finger protein 681,4.4e-05,0.0105929,-1.25606,-4.08567,35.15,2026-04-21T19:52:28.856995+00:00,bronze_GSE251849.csv,GSE251849,,1.975,NOS0001
LINC02384,100507195,long intergenic non-protein coding RNA 2384,4.55e-05,0.0106845,1.42144,4.07783,65.76,2026-04-21T19:52:28.856995+00:00,bronze_GSE251849.csv,GSE251849,,1.971,NOS0001
LOC107985376,107985376,,6.25e-05,0.0135143,1.70571,4.00329,37.85,2026-04-21T19:52:28.856995+00:00,bronze_GSE251849.csv,GSE251849,,1.869,NOS0001
TMCC2,9911,transmembrane and coiled-coil domain family 2,6.26e-05,0.0135143,1.14534,4.0029,137.92,2026-04-21T19:52:28.856995+00:00,bronze_GSE251849.csv,GSE251849,,1.869,NOS0001
AFAP1-AS1,84740,AFAP1 antisense RNA 1,6.23e-05,0.0135143,1.39447,4.00403,20.44,2026-04-21T19:52:28.856995+00:00,bronze_GSE251849.csv,GSE251849,,1.869,NOS0001
SEC14L2,23541,SEC14 like lipid binding 2,6.39e-05,0.013622,-2.9201,-3.99785,286.73,2026-04-21T19:52:28.856995+00:00,bronze_GSE251849.csv,GSE251849,,1.866,NOS0001
LOC107984271,107984271,,6.7e-05,0.0137267,1.63856,3.98673,20.21,2026-04-21T19:52:28.856995+00:00,bronze_GSE251849.csv,GSE251849,,1.862,NOS0001
HGD,3081,"homogentisate 1,2-dioxygenase",7.02e-05,0.0140349,1.14295,3.97544,89.04,2026-04-21T19:52:28.856995+00:00,bronze_GSE251849.csv,GSE251849,,1.853,NOS0001
RN7SL2,378706,RNA component of signal recognition particle 7SL2,6.96e-05,0.0140349,-1.50754,-3.97758,87.41,2026-04-21T19:52:28.856995+00:00,bronze_GSE251849.csv,GSE251849,,1.853,NOS0001
IL1B,3553,interleukin 1 beta,7.38e-05,0.0145702,-2.94623,-3.96356,1368.85,2026-04-21T19:52:28.856995+00:00,bronze_GSE251849.csv,GSE251849,,1.837,NOS0001
DACH1,1602,dachshund family transcription factor 1,7.6e-05,0.0148076,-1.23149,-3.95677,19.76,2026-04-21T19:52:28.856995+00:00,bronze_GSE251849.csv,GSE251849,,1.83,NOS0001
KLF5,688,KLF transcription factor 5,8.06e-05,0.0151545,-2.53087,-3.94263,112.81,2026-04-21T19:52:28.856995+00:00,bronze_GSE251849.csv,GSE251849,,1.819,NOS0001
IGHV3-64,28414,immunoglobulin heavy variable 3-64,8.02e-05,0.0151545,2.77985,3.94373,72.75,2026-04-21T19:52:28.856995+00:00,bronze_GSE251849.csv,GSE251849,,1.819,NOS0001
CREM,1390,cAMP responsive element modulator,8.64e-05,0.0160057,-4.30376,-3.92594,2190.82,2026-04-21T19:52:28.856995+00:00,bronze_GSE251849.csv,GSE251849,,1.796,NOS0001
TNFRSF12A,51330,TNF receptor superfamily member 12A,8.81e-05,0.0160057,-3.58072,-3.92116,144.0,2026-04-21T19:52:28.856995+00:00,bronze_GSE251849.csv,GSE251849,,1.796,NOS0001
TPTEP1,387590,TPTE pseudogene 1,8.77e-05,0.0160057,1.6991,3.92239,156.27,2026-04-21T19:52:28.856995+00:00,bronze_GSE251849.csv,GSE251849,,1.796,NOS0001
TAMALIN,160622,trafficking regulator and scaffold protein tamalin,9.38e-05,0.0168134,-3.65753,-3.90611,588.25,2026-04-21T19:52:28.856995+00:00,bronze_GSE251849.csv,GSE251849,,1.774,NOS0001
LOC107985542,107985542,,9.47e-05,0.0168134,1.63523,3.90385,150.07,2026-04-21T19:52:28.856995+00:00,bronze_GSE251849.csv,GSE251849,,1.774,NOS0001
EDAR,10913,ectodysplasin A receptor,9.85e-05,0.0170843,-1.32822,-3.89431,127.64,2026-04-21T19:52:28.856995+00:00,bronze_GSE251849.csv,GSE251849,,1.767,NOS0001
RHOBTB1,9886,Rho related BTB domain containing 1,9.91e-05,0.0170843,1.81408,3.89285,96.3,2026-04-21T19:52:28.856995+00:00,bronze_GSE251849.csv,GSE251849,,1.767,NOS0001
TUBA8,51807,tubulin alpha 8,9.95e-05,0.0170843,1.49371,3.89176,492.33,2026-04-21T19:52:28.856995+00:00,bronze_GSE251849.csv,GSE251849,,1.767,NOS0001
IGLV3-21,28796,immunoglobulin lambda variable 3-21,0.0001,0.0170843,3.0378,3.88944,2146.91,2026-04-21T19:52:28.856995+00:00,bronze_GSE251849.csv,GSE251849,,1.767,NOS0001
PLAAT1,57110,phospholipase A and acyltransferase 1,0.000109,0.0181388,2.45864,3.86975,30.73,2026-04-21T19:52:28.856995+00:00,bronze_GSE251849.csv,GSE251849,,1.741,NOS0001
KRT2,3849,keratin 2,0.000111,0.0182189,-1.65711,-3.86614,24.68,2026-04-21T19:52:28.856995+00:00,bronze_GSE251849.csv,GSE251849,,1.739,NOS0001
CLMAT3,101927096,colorectal liver metastasis associated transcript 3,0.000117,0.0188347,2.03933,3.85303,91.41,2026-04-21T19:52:28.856995+00:00,bronze_GSE251849.csv,GSE251849,,1.725,NOS0001
WDR11-DT,283089,WDR11 divergent transcript,0.000116,0.0188347,1.92076,3.85535,33.71,2026-04-21T19:52:28.856995+00:00,bronze_GSE251849.csv,GSE251849,,1.725,NOS0001
IGHV4-30-2,28398,immunoglobulin heavy variable 4-30-2,0.000122,0.0194997,1.53184,3.84207,160.43,2026-04-21T19:52:28.856995+00:00,bronze_GSE251849.csv,GSE251849,,1.71,NOS0001
IGLV1-36,28826,immunoglobulin lambda variable 1-36,0.000127,0.020047,2.12531,3.83282,189.98,2026-04-21T19:52:28.856995+00:00,bronze_GSE251849.csv,GSE251849,,1.698,NOS0001
RRAD,6236,"RRAD, Ras related glycolysis inhibitor and calcium channel regulator",0.000134,0.02062,-4.73492,-3.81867,465.43,2026-04-21T19:52:28.856995+00:00,bronze_GSE251849.csv,GSE251849,,1.686,NOS0001
TAMALIN-AS1,692159,TAMALIN antisense RNA 1,0.000142,0.0208775,-3.96236,-3.804,59.92,2026-04-21T19:52:28.856995+00:00,bronze_GSE251849.csv,GSE251849,,1.68,NOS0001
H2AC6,8334,H2A clustered histone 6,0.000147,0.021105,1.53716,3.79681,1864.77,2026-04-21T19:52:28.856995+00:00,bronze_GSE251849.csv,GSE251849,,1.676,NOS0001
BMP6,654,bone morphogenetic protein 6,0.000152,0.0214432,1.32025,3.78843,249.57,2026-04-21T19:52:28.856995+00:00,bronze_GSE251849.csv,GSE251849,,1.669,NOS0001
IGHV3-11,28450,immunoglobulin heavy variable 3-11,0.000151,0.0214432,2.01546,3.79009,462.1,2026-04-21T19:52:28.856995+00:00,bronze_GSE251849.csv,GSE251849,,1.669,NOS0001
BEND2,139105,BEN domain containing 2,0.000157,0.0219664,1.99135,3.78024,92.01,2026-04-21T19:52:28.856995+00:00,bronze_GSE251849.csv,GSE251849,,1.658,NOS0001
CACHD1,57685,cache domain containing 1,0.00016,0.022222,-2.11954,-3.77518,29.57,2026-04-21T19:52:28.856995+00:00,bronze_GSE251849.csv,GSE251849,,1.653,NOS0001
NPAS2,4862,neuronal PAS domain protein 2,0.000162,0.0222874,-1.43546,-3.77229,45.65,2026-04-21T19:52:28.856995+00:00,bronze_GSE251849.csv,GSE251849,,1.652,NOS0001
FSTL4,23105,follistatin like 4,0.000175,0.0236822,1.66998,3.75284,23.14,2026-04-21T19:52:28.856995+00:00,bronze_GSE251849.csv,GSE251849,,1.626,NOS0001
SYDE2,84144,synapse defective Rho GTPase homolog 2,0.000186,0.024681,-1.18725,-3.73731,58.61,2026-04-21T19:52:28.856995+00:00,bronze_GSE251849.csv,GSE251849,,1.608,NOS0001
LPAR5,57121,lysophosphatidic acid receptor 5,0.000187,0.024681,1.0345,3.73616,544.17,2026-04-21T19:52:28.856995+00:00,bronze_GSE251849.csv,GSE251849,,1.608,NOS0001
CDCA3,83461,cell division cycle associated 3,0.00019,0.0247394,1.49622,3.73234,34.03,2026-04-21T19:52:28.856995+00:00,bronze_GSE251849.csv,GSE251849,,1.607,NOS0001
PER1,5187,period circadian regulator 1,0.000192,0.0247394,-2.15742,-3.7294,1404.91,2026-04-21T19:52:28.856995+00:00,bronze_GSE251849.csv,GSE251849,,1.607,NOS0001
STON2,85439,stonin 2,0.000196,0.0248234,1.12076,3.72451,75.98,2026-04-21T19:52:28.856995+00:00,bronze_GSE251849.csv,GSE251849,,1.605,NOS0001
PF4,5196,platelet factor 4,0.000206,0.0259302,1.57287,3.71149,1646.18,2026-04-21T19:52:28.856995+00:00,bronze_GSE251849.csv,GSE251849,,1.586,NOS0001
CD83,9308,CD83 molecule,0.000211,0.0259334,-3.29496,-3.7054,3070.17,2026-04-21T19:52:28.856995+00:00,bronze_GSE251849.csv,GSE251849,,1.586,NOS0001
H2BC9,8345,H2B clustered histone 9,0.000213,0.0259334,1.50193,3.70361,84.01,2026-04-21T19:52:28.856995+00:00,bronze_GSE251849.csv,GSE251849,,1.586,NOS0001
SCGB1C1,147199,secretoglobin family 1C member 1,0.000209,0.0259334,1.47921,3.70799,31.61,2026-04-21T19:52:28.856995+00:00,bronze_GSE251849.csv,GSE251849,,1.586,NOS0001
MMD,23531,monocyte to macrophage differentiation associated,0.00021,0.0259334,1.35554,3.70642,519.67,2026-04-21T19:52:28.856995+00:00,bronze_GSE251849.csv,GSE251849,,1.586,NOS0001
VEGFA,7422,vascular endothelial growth factor A,0.000216,0.0261509,-3.11155,-3.69956,790.56,2026-04-21T19:52:28.856995+00:00,bronze_GSE251849.csv,GSE251849,,1.583,NOS0001
KRT86,3892,keratin 86,0.000222,0.0264328,-2.67879,-3.69302,49.98,2026-04-21T19:52:28.856995+00:00,bronze_GSE251849.csv,GSE251849,,1.578,NOS0001
UBE2C,11065,ubiquitin conjugating enzyme E2 C,0.000235,0.027824,1.60302,3.67806,55.79,2026-04-21T19:52:28.856995+00:00,bronze_GSE251849.csv,GSE251849,,1.556,NOS0001
MED18,54797,mediator complex subunit 18,0.000245,0.0281239,1.26644,3.66715,103.69,2026-04-21T19:52:28.856995+00:00,bronze_GSE251849.csv,GSE251849,,1.551,NOS0001
PDE4D,5144,phosphodiesterase 4D,0.000254,0.0281239,-2.09982,-3.65826,254.64,2026-04-21T19:52:28.856995+00:00,bronze_GSE251849.csv,GSE251849,,1.551,NOS0001
SPARC,6678,secreted protein acidic and cysteine rich,0.000252,0.0281239,1.91522,3.66025,5347.95,2026-04-21T19:52:28.856995+00:00,bronze_GSE251849.csv,GSE251849,,1.551,NOS0001
SNHG5,387066,small nucleolar RNA host gene 5,0.000242,0.0281239,-1.18224,-3.6702,438.16,2026-04-21T19:52:28.856995+00:00,bronze_GSE251849.csv,GSE251849,,1.551,NOS0001
NRCAM,4897,neuronal cell adhesion molecule,0.000255,0.0281239,-1.7234,-3.65762,25.8,2026-04-21T19:52:28.856995+00:00,bronze_GSE251849.csv,GSE251849,,1.551,NOS0001
KCNA5,3741,potassium voltage-gated channel subfamily A member 5,0.000255,0.0281239,-1.60168,-3.65729,22.82,2026-04-21T19:52:28.856995+00:00,bronze_GSE251849.csv,GSE251849,,1.551,NOS0001
ICAM1,3383,intercellular adhesion molecule 1,0.000255,0.0281239,-1.65289,-3.65704,3604.98,2026-04-21T19:52:28.856995+00:00,bronze_GSE251849.csv,GSE251849,,1.551,NOS0001
CAPN1-AS1,728975,CAPN1 antisense RNA 1,0.000258,0.0282118,1.37184,3.65448,143.27,2026-04-21T19:52:28.856995+00:00,bronze_GSE251849.csv,GSE251849,,1.55,NOS0001
P3H2,55214,prolyl 3-hydroxylase 2,0.000269,0.0282578,-1.01165,-3.64371,38.99,2026-04-21T19:52:28.856995+00:00,bronze_GSE251849.csv,GSE251849,,1.549,NOS0001
LOC107984360,107984360,,0.000266,0.0282578,2.71387,3.64671,233.09,2026-04-21T19:52:28.856995+00:00,bronze_GSE251849.csv,GSE251849,,1.549,NOS0001
IGHV3-69-1,28402,immunoglobulin heavy variable 3-69-1 (pseudogene),0.000264,0.0282578,1.22355,3.64846,111.15,2026-04-21T19:52:28.856995+00:00,bronze_GSE251849.csv,GSE251849,,1.549,NOS0001
LYPLAL1-DT,643723,LYPLAL1 divergent transcript,0.000291,0.0284778,1.43631,3.62318,28.66,2026-04-21T19:52:28.856995+00:00,bronze_GSE251849.csv,GSE251849,,1.545,NOS0001
MYLK,4638,myosin light chain kinase,0.000287,0.0284778,1.55113,3.6272,695.6,2026-04-21T19:52:28.856995+00:00,bronze_GSE251849.csv,GSE251849,,1.545,NOS0001
ITGB5,3693,integrin subunit beta 5,0.000292,0.0284778,1.79636,3.62211,751.13,2026-04-21T19:52:28.856995+00:00,bronze_GSE251849.csv,GSE251849,,1.545,NOS0001
H2AC8,3012,H2A clustered histone 8,0.000282,0.0284778,1.13739,3.63128,39.42,2026-04-21T19:52:28.856995+00:00,bronze_GSE251849.csv,GSE251849,,1.545,NOS0001
FOSL1,8061,"FOS like 1, AP-1 transcription factor subunit",0.000283,0.0284778,-3.66353,-3.63033,192.96,2026-04-21T19:52:28.856995+00:00,bronze_GSE251849.csv,GSE251849,,1.545,NOS0001
TWSG1-DT,102724397,TWSG1 divergent transcript,0.000285,0.0284778,1.46247,3.62856,25.14,2026-04-21T19:52:28.856995+00:00,bronze_GSE251849.csv,GSE251849,,1.545,NOS0001
TP53INP2,58476,tumor protein p53 inducible nuclear protein 2,0.000283,0.0284778,-3.44972,-3.63055,217.78,2026-04-21T19:52:28.856995+00:00,bronze_GSE251849.csv,GSE251849,,1.545,NOS0001
TUBB1,81027,tubulin beta 1 class VI,0.000288,0.0284778,1.6449,3.62622,5621.04,2026-04-21T19:52:28.856995+00:00,bronze_GSE251849.csv,GSE251849,,1.545,NOS0001
GRAP2,9402,GRB2 related adaptor protein 2,0.000282,0.0284778,1.03676,3.63099,1641.3,2026-04-21T19:52:28.856995+00:00,bronze_GSE251849.csv,GSE251849,,1.545,NOS0001
C1orf116,79098,chromosome 1 open reading frame 116,0.000314,0.0285022,1.72505,3.60336,25.78,2026-04-21T19:52:28.856995+00:00,bronze_GSE251849.csv,GSE251849,,1.545,NOS0001
VEPH1,79674,ventricular zone expressed PH domain containing 1,0.000301,0.0285022,1.53092,3.61474,52.2,2026-04-21T19:52:28.856995+00:00,bronze_GSE251849.csv,GSE251849,,1.545,NOS0001
ABLIM3,22885,actin binding LIM protein family member 3,0.000304,0.0285022,1.84089,3.61213,146.61,2026-04-21T19:52:28.856995+00:00,bronze_GSE251849.csv,GSE251849,,1.545,NOS0001
AFAP1L2,84632,actin filament associated protein 1 like 2,0.000307,0.0285022,1.05444,3.60967,44.31,2026-04-21T19:52:28.856995+00:00,bronze_GSE251849.csv,GSE251849,,1.545,NOS0001
GPR84,53831,G protein-coupled receptor 84,0.000314,0.0285022,-2.94747,-3.60337,229.47,2026-04-21T19:52:28.856995+00:00,bronze_GSE251849.csv,GSE251849,,1.545,NOS0001
SLC7A5,8140,solute carrier family 7 member 5,0.000307,0.0285022,-3.38712,-3.60903,1819.16,2026-04-21T19:52:28.856995+00:00,bronze_GSE251849.csv,GSE251849,,1.545,NOS0001
SIK1,150094,salt inducible kinase 1,0.000316,0.0285022,-3.6094,-3.60211,149.84,2026-04-21T19:52:28.856995+00:00,bronze_GSE251849.csv,GSE251849,,1.545,NOS0001
PGRMC1,10857,progesterone receptor membrane component 1,0.000299,0.0285022,1.20996,3.61623,848.74,2026-04-21T19:52:28.856995+00:00,bronze_GSE251849.csv,GSE251849,,1.545,NOS0001
KCNN3,3782,potassium calcium-activated channel subfamily N member 3,0.00033,0.0291651,2.55505,3.59031,20.41,2026-04-21T19:52:28.856995+00:00,bronze_GSE251849.csv,GSE251849,,1.535,NOS0001
TNFAIP3,7128,TNF alpha induced protein 3,0.00033,0.0291651,-2.58269,-3.59042,7293.26,2026-04-21T19:52:28.856995+00:00,bronze_GSE251849.csv,GSE251849,,1.535,NOS0001
CLU,1191,clusterin,0.000328,0.0291651,1.75398,3.59229,6470.33,2026-04-21T19:52:28.856995+00:00,bronze_GSE251849.csv,GSE251849,,1.535,NOS0001
ULBP2,80328,UL16 binding protein 2,0.000333,0.0292235,-4.53016,-3.58836,113.14,2026-04-21T19:52:28.856995+00:00,bronze_GSE251849.csv,GSE251849,,1.534,NOS0001
CLEC1B,51266,C-type lectin domain family 1 member B,0.000335,0.0292735,1.08164,3.58648,129.25,2026-04-21T19:52:28.856995+00:00,bronze_GSE251849.csv,GSE251849,,1.534,NOS0001
CDK5R1,8851,cyclin dependent kinase 5 regulatory subunit 1,0.00034,0.0294956,-1.12341,-3.58308,182.22,2026-04-21T19:52:28.856995+00:00,bronze_GSE251849.csv,GSE251849,,1.53,NOS0001
THRB,7068,thyroid hormone receptor beta,0.000344,0.0295202,1.60005,3.57973,55.52,2026-04-21T19:52:28.856995+00:00,bronze_GSE251849.csv,GSE251849,,1.53,NOS0001
PHLDA1,22822,pleckstrin homology like domain family A member 1,0.000345,0.0295202,-3.38859,-3.57864,401.53,2026-04-21T19:52:28.856995+00:00,bronze_GSE251849.csv,GSE251849,,1.53,NOS0001
HSD11B1,3290,hydroxysteroid 11-beta dehydrogenase 1,0.000361,0.0295528,2.24479,3.56739,9.23,2026-04-21T19:52:28.856995+00:00,bronze_GSE251849.csv,GSE251849,,1.529,NOS0001
SLC16A10,117247,solute carrier family 16 member 10,0.000357,0.0295528,-1.52687,-3.56969,60.32,2026-04-21T19:52:28.856995+00:00,bronze_GSE251849.csv,GSE251849,,1.529,NOS0001
RGCC,28984,regulator of cell cycle,0.000352,0.0295528,-3.29154,-3.57397,4227.34,2026-04-21T19:52:28.856995+00:00,bronze_GSE251849.csv,GSE251849,,1.529,NOS0001
CDH20,28316,cadherin 20,0.000353,0.0295528,1.8694,3.57301,13.27,2026-04-21T19:52:28.856995+00:00,bronze_GSE251849.csv,GSE251849,,1.529,NOS0001
OSM,5008,oncostatin M,0.000358,0.0295528,-4.04146,-3.5692,1779.03,2026-04-21T19:52:28.856995+00:00,bronze_GSE251849.csv,GSE251849,,1.529,NOS0001
DUSP8,1850,dual specificity phosphatase 8,0.000373,0.0300983,-3.61799,-3.55858,133.14,2026-04-21T19:52:28.856995+00:00,bronze_GSE251849.csv,GSE251849,,1.521,NOS0001
GP1BB,2812,glycoprotein Ib platelet subunit beta,0.000372,0.0300983,1.74452,3.55903,1003.11,2026-04-21T19:52:28.856995+00:00,bronze_GSE251849.csv,GSE251849,,1.521,NOS0001
GMPR,2766,guanosine monophosphate reductase,0.000386,0.0303864,1.43155,3.54934,449.29,2026-04-21T19:52:28.856995+00:00,bronze_GSE251849.csv,GSE251849,,1.517,NOS0001
IGHV3-22,28443,immunoglobulin heavy variable 3-22 (pseudogene),0.000388,0.0303864,1.50666,3.54822,26.36,2026-04-21T19:52:28.856995+00:00,bronze_GSE251849.csv,GSE251849,,1.517,NOS0001
ZNF331,55422,zinc finger protein 331,0.000384,0.0303864,-2.88416,-3.55096,2613.45,2026-04-21T19:52:28.856995+00:00,bronze_GSE251849.csv,GSE251849,,1.517,NOS0001
KRT5,3852,keratin 5,0.000393,0.0306115,-1.57165,-3.54499,54.2,2026-04-21T19:52:28.856995+00:00,bronze_GSE251849.csv,GSE251849,,1.514,NOS0001
TSPYL2,64061,TSPY like 2,0.000398,0.0307641,-1.44374,-3.54123,936.23,2026-04-21T19:52:28.856995+00:00,bronze_GSE251849.csv,GSE251849,,1.512,NOS0001
CPNE5,57699,copine 5,0.000401,0.0308321,1.31163,3.53926,649.17,2026-04-21T19:52:28.856995+00:00,bronze_GSE251849.csv,GSE251849,,1.511,NOS0001
PRKAR2B,5577,protein kinase cAMP-dependent type II regulatory subunit beta,0.000413,0.0311264,1.5048,3.53172,813.88,2026-04-21T19:52:28.856995+00:00,bronze_GSE251849.csv,GSE251849,,1.507,NOS0001
SEPT5-GP1BB,100526833,SEPT5-GP1BB readthrough,0.000411,0.0311264,1.76247,3.53283,1344.67,2026-04-21T19:52:28.856995+00:00,bronze_GSE251849.csv,GSE251849,,1.507,NOS0001
MYLK-AS1,100506826,MYLK antisense RNA 1,0.000421,0.0315846,1.25797,3.52661,88.95,2026-04-21T19:52:28.856995+00:00,bronze_GSE251849.csv,GSE251849,,1.501,NOS0001
TAL1,6886,"TAL bHLH transcription factor 1, erythroid differentiation factor",0.000431,0.0316118,1.438,3.52023,76.46,2026-04-21T19:52:28.856995+00:00,bronze_GSE251849.csv,GSE251849,,1.5,NOS0001
NKD1,85407,NKD inhibitor of WNT signaling pathway 1,0.00043,0.0316118,-2.04675,-3.52081,25.07,2026-04-21T19:52:28.856995+00:00,bronze_GSE251849.csv,GSE251849,,1.5,NOS0001
GP1BA,2811,glycoprotein Ib platelet subunit alpha,0.000429,0.0316118,1.46676,3.52136,154.35,2026-04-21T19:52:28.856995+00:00,bronze_GSE251849.csv,GSE251849,,1.5,NOS0001
THBD,7056,thrombomodulin,0.000431,0.0316118,-3.3777,-3.52025,671.4,2026-04-21T19:52:28.856995+00:00,bronze_GSE251849.csv,GSE251849,,1.5,NOS0001
JMY,133746,"junction mediating and regulatory protein, p53 cofactor",0.000437,0.0319149,-1.84208,-3.51649,428.0,2026-04-21T19:52:28.856995+00:00,bronze_GSE251849.csv,GSE251849,,1.496,NOS0001
IGKV1-39,28930,immunoglobulin kappa variable 1-39,0.000446,0.0320673,1.61391,3.51153,1324.13,2026-04-21T19:52:28.856995+00:00,bronze_GSE251849.csv,GSE251849,,1.494,NOS0001
SBDS,51119,SBDS ribosome maturation factor,0.000447,0.0320673,-1.30514,-3.51041,1888.0,2026-04-21T19:52:28.856995+00:00,bronze_GSE251849.csv,GSE251849,,1.494,NOS0001
IGLV3-13,28801,immunoglobulin lambda variable 3-13 (pseudogene),0.000442,0.0320673,1.79743,3.51347,17.44,2026-04-21T19:52:28.856995+00:00,bronze_GSE251849.csv,GSE251849,,1.494,NOS0001
NR4A3,8013,nuclear receptor subfamily 4 group A member 3,0.000454,0.0321387,-4.86151,-3.50627,202.48,2026-04-21T19:52:28.856995+00:00,bronze_GSE251849.csv,GSE251849,,1.493,NOS0001
LDLR,3949,low density lipoprotein receptor,0.000453,0.0321387,-1.77511,-3.50712,843.37,2026-04-21T19:52:28.856995+00:00,bronze_GSE251849.csv,GSE251849,,1.493,NOS0001
IGLV1-50,28821,immunoglobulin lambda variable 1-50 (non-functional),0.000451,0.0321387,2.07332,3.508,53.03,2026-04-21T19:52:28.856995+00:00,bronze_GSE251849.csv,GSE251849,,1.493,NOS0001
GP9,2815,glycoprotein IX platelet,0.000466,0.0325276,1.58685,3.49942,865.85,2026-04-21T19:52:28.856995+00:00,bronze_GSE251849.csv,GSE251849,,1.488,NOS0001
FCAR,2204,Fc alpha receptor,0.000466,0.0325276,-2.35998,-3.49951,2290.58,2026-04-21T19:52:28.856995+00:00,bronze_GSE251849.csv,GSE251849,,1.488,NOS0001
F2R,2149,coagulation factor II thrombin receptor,0.000476,0.0325651,1.02743,3.49381,380.64,2026-04-21T19:52:28.856995+00:00,bronze_GSE251849.csv,GSE251849,,1.487,NOS0001
SC5D,6309,sterol-C5-desaturase,0.000473,0.0325651,-3.03274,-3.4955,570.26,2026-04-21T19:52:28.856995+00:00,bronze_GSE251849.csv,GSE251849,,1.487,NOS0001
NT5M,56953,"5',3'-nucleotidase, mitochondrial",0.000477,0.0325651,1.67917,3.49348,251.77,2026-04-21T19:52:28.856995+00:00,bronze_GSE251849.csv,GSE251849,,1.487,NOS0001
MISP3,113230,MISP family member 3,0.000472,0.0325651,1.29312,3.49637,47.09,2026-04-21T19:52:28.856995+00:00,bronze_GSE251849.csv,GSE251849,,1.487,NOS0001
ETV3,2117,ETS variant transcription factor 3,0.000495,0.0325997,-1.9723,-3.48339,283.85,2026-04-21T19:52:28.856995+00:00,bronze_GSE251849.csv,GSE251849,,1.487,NOS0001
IGKV1D-39,28893,immunoglobulin kappa variable 1D-39,0.000496,0.0325997,1.72943,3.4831,559.25,2026-04-21T19:52:28.856995+00:00,bronze_GSE251849.csv,GSE251849,,1.487,NOS0001
TSC22D2,9819,TSC22 domain family member 2,0.00049,0.0325997,-1.4954,-3.48619,415.07,2026-04-21T19:52:28.856995+00:00,bronze_GSE251849.csv,GSE251849,,1.487,NOS0001
CXCL2,2920,C-X-C motif chemokine ligand 2,0.00049,0.0325997,-3.80892,-3.48618,289.99,2026-04-21T19:52:28.856995+00:00,bronze_GSE251849.csv,GSE251849,,1.487,NOS0001
H2BC17,8348,H2B clustered histone 17,0.000495,0.0325997,1.96352,3.48336,15.37,2026-04-21T19:52:28.856995+00:00,bronze_GSE251849.csv,GSE251849,,1.487,NOS0001
CETP,1071,cholesteryl ester transfer protein,0.000493,0.0325997,1.58918,3.48474,39.99,2026-04-21T19:52:28.856995+00:00,bronze_GSE251849.csv,GSE251849,,1.487,NOS0001
ADNP2,22850,ADNP homeobox 2,0.00049,0.0325997,-1.3189,-3.48596,215.32,2026-04-21T19:52:28.856995+00:00,bronze_GSE251849.csv,GSE251849,,1.487,NOS0001
SPEG,10290,striated muscle enriched protein kinase,0.00051,0.0329825,-1.31038,-3.47534,21.46,2026-04-21T19:52:28.856995+00:00,bronze_GSE251849.csv,GSE251849,,1.482,NOS0001
TNNT3,7140,"troponin T3, fast skeletal type",0.000507,0.0329825,-1.06355,-3.47699,47.08,2026-04-21T19:52:28.856995+00:00,bronze_GSE251849.csv,GSE251849,,1.482,NOS0001
NRGN,4900,neurogranin,0.00051,0.0329825,1.66234,3.47527,894.57,2026-04-21T19:52:28.856995+00:00,bronze_GSE251849.csv,GSE251849,,1.482,NOS0001
ASTL,431705,astacin like metalloendopeptidase,0.00052,0.0333166,-3.44634,-3.4701,116.33,2026-04-21T19:52:28.856995+00:00,bronze_GSE251849.csv,GSE251849,,1.477,NOS0001
NRIP3,56675,nuclear receptor interacting protein 3,0.000521,0.0333166,-4.19614,-3.46966,151.29,2026-04-21T19:52:28.856995+00:00,bronze_GSE251849.csv,GSE251849,,1.477,NOS0001
LOC102723407,102723407,immunoglobulin heavy variable 4-38-2-like,0.000524,0.0333477,1.86031,3.46796,285.29,2026-04-21T19:52:28.856995+00:00,bronze_GSE251849.csv,GSE251849,,1.477,NOS0001
SHB,6461,SH2 domain containing adaptor protein B,0.000529,0.0333654,-2.12057,-3.46569,31.06,2026-04-21T19:52:28.856995+00:00,bronze_GSE251849.csv,GSE251849,,1.477,NOS0001
ALOX12,239,"arachidonate 12-lipoxygenase, 12S type",0.00053,0.0333654,1.15452,3.465,683.05,2026-04-21T19:52:28.856995+00:00,bronze_GSE251849.csv,GSE251849,,1.477,NOS0001
NR4A2,4929,nuclear receptor subfamily 4 group A member 2,0.000539,0.0334744,-3.53582,-3.46064,3373.98,2026-04-21T19:52:28.856995+00:00,bronze_GSE251849.csv,GSE251849,,1.475,NOS0001
EOMES,8320,eomesodermin,0.00054,0.0334744,1.19383,3.46021,696.69,2026-04-21T19:52:28.856995+00:00,bronze_GSE251849.csv,GSE251849,,1.475,NOS0001
AHR,196,aryl hydrocarbon receptor,0.000537,0.0334744,-1.11669,-3.46146,402.97,2026-04-21T19:52:28.856995+00:00,bronze_GSE251849.csv,GSE251849,,1.475,NOS0001
MACROD2,140733,mono-ADP ribosylhydrolase 2,0.00054,0.0334744,1.37324,3.45991,14.4,2026-04-21T19:52:28.856995+00:00,bronze_GSE251849.csv,GSE251849,,1.475,NOS0001
LINC02284,102723699,long intergenic non-protein coding RNA 2284,0.000546,0.0337104,1.90444,3.45698,44.75,2026-04-21T19:52:28.856995+00:00,bronze_GSE251849.csv,GSE251849,,1.472,NOS0001
RRM2,6241,ribonucleotide reductase regulatory subunit M2,0.000553,0.0337784,1.68987,3.45357,143.35,2026-04-21T19:52:28.856995+00:00,bronze_GSE251849.csv,GSE251849,,1.471,NOS0001
PPIF,10105,peptidylprolyl isomerase F,0.000552,0.0337784,-2.40278,-3.45413,2533.97,2026-04-21T19:52:28.856995+00:00,bronze_GSE251849.csv,GSE251849,,1.471,NOS0001
RGS6,9628,regulator of G protein signaling 6,0.000556,0.0337784,1.48833,3.4523,88.1,2026-04-21T19:52:28.856995+00:00,bronze_GSE251849.csv,GSE251849,,1.471,NOS0001
ZBTB21,49854,zinc finger and BTB domain containing 21,0.000554,0.0337784,-1.74896,-3.45328,121.8,2026-04-21T19:52:28.856995+00:00,bronze_GSE251849.csv,GSE251849,,1.471,NOS0001
ERRFI1,54206,ERBB receptor feedback inhibitor 1,0.000568,0.0339862,-3.18003,-3.4465,48.37,2026-04-21T19:52:28.856995+00:00,bronze_GSE251849.csv,GSE251849,,1.469,NOS0001
ASAP2,8853,"ArfGAP with SH3 domain, ankyrin repeat and PH domain 2",0.00058,0.0339862,1.44335,3.44085,41.44,2026-04-21T19:52:28.856995+00:00,bronze_GSE251849.csv,GSE251849,,1.469,NOS0001
ANXA3,306,annexin A3,0.000572,0.0339862,1.34689,3.44452,11.21,2026-04-21T19:52:28.856995+00:00,bronze_GSE251849.csv,GSE251849,,1.469,NOS0001
MMP19,4327,matrix metallopeptidase 19,0.000578,0.0339862,-2.73248,-3.44153,189.85,2026-04-21T19:52:28.856995+00:00,bronze_GSE251849.csv,GSE251849,,1.469,NOS0001
SDS,10993,serine dehydratase,0.000582,0.0339862,-2.73095,-3.44007,47.06,2026-04-21T19:52:28.856995+00:00,bronze_GSE251849.csv,GSE251849,,1.469,NOS0001
SNAPC1,6617,small nuclear RNA activating complex polypeptide 1,0.000575,0.0339862,-2.04604,-3.44313,261.96,2026-04-21T19:52:28.856995+00:00,bronze_GSE251849.csv,GSE251849,,1.469,NOS0001
AURKB,9212,aurora kinase B,0.000571,0.0339862,1.63479,3.44519,59.61,2026-04-21T19:52:28.856995+00:00,bronze_GSE251849.csv,GSE251849,,1.469,NOS0001
MMP9,4318,matrix metallopeptidase 9,0.000574,0.0339862,-3.33501,-3.44338,103.47,2026-04-21T19:52:28.856995+00:00,bronze_GSE251849.csv,GSE251849,,1.469,NOS0001
CDCA7,83879,cell division cycle associated 7,0.000594,0.0344114,1.03429,3.43424,65.03,2026-04-21T19:52:28.856995+00:00,bronze_GSE251849.csv,GSE251849,,1.463,NOS0001
EGF,1950,epidermal growth factor,0.000593,0.0344114,2.03597,3.43482,54.13,2026-04-21T19:52:28.856995+00:00,bronze_GSE251849.csv,GSE251849,,1.463,NOS0001
SDC3,9672,syndecan 3,0.000616,0.0350375,1.10601,3.42447,25.54,2026-04-21T19:52:28.856995+00:00,bronze_GSE251849.csv,GSE251849,,1.455,NOS0001
GRHL1,29841,grainyhead like transcription factor 1,0.000628,0.03549,1.11329,3.41905,45.95,2026-04-21T19:52:28.856995+00:00,bronze_GSE251849.csv,GSE251849,,1.45,NOS0001
PCSK6,5046,proprotein convertase subtilisin/kexin type 6,0.00065,0.0365945,1.94104,3.40974,305.89,2026-04-21T19:52:28.856995+00:00,bronze_GSE251849.csv,GSE251849,,1.437,NOS0001
TUBB6,84617,tubulin beta 6 class V,0.000668,0.0372111,-1.72217,-3.40231,1029.6,2026-04-21T19:52:28.856995+00:00,bronze_GSE251849.csv,GSE251849,,1.429,NOS0001
TNFAIP6,7130,TNF alpha induced protein 6,0.000678,0.0375739,-3.14806,-3.39822,93.24,2026-04-21T19:52:28.856995+00:00,bronze_GSE251849.csv,GSE251849,,1.425,NOS0001
NAB2,4665,NGFI-A binding protein 2,0.000679,0.0375739,-1.13849,-3.39776,165.71,2026-04-21T19:52:28.856995+00:00,bronze_GSE251849.csv,GSE251849,,1.425,NOS0001
SH3BP4,23677,SH3 domain binding protein 4,0.000696,0.0378197,-1.52404,-3.39128,70.52,2026-04-21T19:52:28.856995+00:00,bronze_GSE251849.csv,GSE251849,,1.422,NOS0001
PHLDA2,7262,pleckstrin homology like domain family A member 2,0.000692,0.0378197,-3.01055,-3.39288,141.0,2026-04-21T19:52:28.856995+00:00,bronze_GSE251849.csv,GSE251849,,1.422,NOS0001
CXADR,1525,CXADR Ig-like cell adhesion molecule,0.000695,0.0378197,-1.77613,-3.39168,49.09,2026-04-21T19:52:28.856995+00:00,bronze_GSE251849.csv,GSE251849,,1.422,NOS0001
LY6G6F-LY6G6D,110599563,LY6G6F-LY6G6D readthrough,0.000707,0.0382833,1.78114,3.38701,158.57,2026-04-21T19:52:28.856995+00:00,bronze_GSE251849.csv,GSE251849,,1.417,NOS0001
PBX1,5087,PBX homeobox 1,0.000738,0.0385311,1.38915,3.37491,42.09,2026-04-21T19:52:28.856995+00:00,bronze_GSE251849.csv,GSE251849,,1.414,NOS0001
LAMB3,3914,laminin subunit beta 3,0.00076,0.0385311,-4.07861,-3.3668,122.17,2026-04-21T19:52:28.856995+00:00,bronze_GSE251849.csv,GSE251849,,1.414,NOS0001
GCNT4,51301,glucosaminyl (N-acetyl) transferase 4,0.000716,0.0385311,-1.59201,-3.38349,58.25,2026-04-21T19:52:28.856995+00:00,bronze_GSE251849.csv,GSE251849,,1.414,NOS0001
LY6G6F,259215,lymphocyte antigen 6 family member G6F,0.000752,0.0385311,1.78102,3.36972,169.49,2026-04-21T19:52:28.856995+00:00,bronze_GSE251849.csv,GSE251849,,1.414,NOS0001
NAMPT,10135,nicotinamide phosphoribosyltransferase,0.000753,0.0385311,-2.82685,-3.3697,2571.15,2026-04-21T19:52:28.856995+00:00,bronze_GSE251849.csv,GSE251849,,1.414,NOS0001
MIR6843,102465508,microRNA 6843,0.000729,0.0385311,1.6558,3.37826,157.52,2026-04-21T19:52:28.856995+00:00,bronze_GSE251849.csv,GSE251849,,1.414,NOS0001
RND1,27289,Rho family GTPase 1,0.000734,0.0385311,-3.27058,-3.37638,64.26,2026-04-21T19:52:28.856995+00:00,bronze_GSE251849.csv,GSE251849,,1.414,NOS0001
SLC8A3,6547,solute carrier family 8 member A3,0.000762,0.0385311,1.94111,3.36631,9.75,2026-04-21T19:52:28.856995+00:00,bronze_GSE251849.csv,GSE251849,,1.414,NOS0001
MAPK6,5597,mitogen-activated protein kinase 6,0.00072,0.0385311,-1.74832,-3.38177,280.31,2026-04-21T19:52:28.856995+00:00,bronze_GSE251849.csv,GSE251849,,1.414,NOS0001
VASN,114990,vasorin,0.000752,0.0385311,-2.71321,-3.36996,40.91,2026-04-21T19:52:28.856995+00:00,bronze_GSE251849.csv,GSE251849,,1.414,NOS0001
RBM11,54033,RNA binding motif protein 11,0.00076,0.0385311,-1.46377,-3.36695,21.2,2026-04-21T19:52:28.856995+00:00,bronze_GSE251849.csv,GSE251849,,1.414,NOS0001
SEPTIN5,5413,septin 5,0.000748,0.0385311,1.81362,3.37139,343.16,2026-04-21T19:52:28.856995+00:00,bronze_GSE251849.csv,GSE251849,,1.414,NOS0001
SCML1,6322,Scm polycomb group protein like 1,0.000737,0.0385311,-1.46249,-3.37529,191.62,2026-04-21T19:52:28.856995+00:00,bronze_GSE251849.csv,GSE251849,,1.414,NOS0001
IGLV1-51,28820,immunoglobulin lambda variable 1-51,0.000774,0.0387658,1.85639,3.36203,513.54,2026-04-21T19:52:28.856995+00:00,bronze_GSE251849.csv,GSE251849,,1.412,NOS0001
MAFF,23764,MAF bZIP transcription factor F,0.000773,0.0387658,-2.42742,-3.36229,368.79,2026-04-21T19:52:28.856995+00:00,bronze_GSE251849.csv,GSE251849,,1.412,NOS0001
SLC25A33,84275,solute carrier family 25 member 33,0.000795,0.0392207,-1.5013,-3.35439,463.3,2026-04-21T19:52:28.856995+00:00,bronze_GSE251849.csv,GSE251849,,1.406,NOS0001
KIF20A,10112,kinesin family member 20A,0.000794,0.0392207,2.10557,3.35488,25.55,2026-04-21T19:52:28.856995+00:00,bronze_GSE251849.csv,GSE251849,,1.406,NOS0001
HEAT2,113633881,HEart disease Associated Transcript 2,0.000788,0.0392207,1.55119,3.35708,25.2,2026-04-21T19:52:28.856995+00:00,bronze_GSE251849.csv,GSE251849,,1.406,NOS0001
LOC107984905,107984905,,0.000793,0.0392207,1.99603,3.35516,14.91,2026-04-21T19:52:28.856995+00:00,bronze_GSE251849.csv,GSE251849,,1.406,NOS0001
GADD45B,4616,growth arrest and DNA damage inducible beta,0.000798,0.0392207,-1.9155,-3.35365,3536.95,2026-04-21T19:52:28.856995+00:00,bronze_GSE251849.csv,GSE251849,,1.406,NOS0001
CABP5,56344,calcium binding protein 5,0.000793,0.0392207,1.85079,3.35517,113.1,2026-04-21T19:52:28.856995+00:00,bronze_GSE251849.csv,GSE251849,,1.406,NOS0001
IGHV3-23,28442,immunoglobulin heavy variable 3-23,0.000817,0.0398659,1.40318,3.3471,1925.07,2026-04-21T19:52:28.856995+00:00,bronze_GSE251849.csv,GSE251849,,1.399,NOS0001
DDX11L9,100288486,DEAD/H-box helicase 11 like 9 (pseudogene),0.000826,0.0398659,1.56735,3.34407,104.51,2026-04-21T19:52:28.856995+00:00,bronze_GSE251849.csv,GSE251849,,1.399,NOS0001
SMAD7,4092,SMAD family member 7,0.000823,0.0398659,-2.80411,-3.34481,636.57,2026-04-21T19:52:28.856995+00:00,bronze_GSE251849.csv,GSE251849,,1.399,NOS0001
LZTS3,9762,leucine zipper tumor suppressor family member 3,0.000819,0.0398659,-1.47851,-3.34645,59.53,2026-04-21T19:52:28.856995+00:00,bronze_GSE251849.csv,GSE251849,,1.399,NOS0001
LANCL3,347404,LanC like family member 3,0.00083,0.0399539,1.3341,3.34262,22.93,2026-04-21T19:52:28.856995+00:00,bronze_GSE251849.csv,GSE251849,,1.398,NOS0001
IGHV1-18,28468,immunoglobulin heavy variable 1-18,0.000835,0.0400978,1.50674,3.34078,423.8,2026-04-21T19:52:28.856995+00:00,bronze_GSE251849.csv,GSE251849,,1.397,NOS0001
TMEM40,55287,transmembrane protein 40,0.000841,0.0401405,1.43645,3.33883,311.88,2026-04-21T19:52:28.856995+00:00,bronze_GSE251849.csv,GSE251849,,1.396,NOS0001
CLDN5,7122,claudin 5,0.000839,0.0401405,1.3952,3.33963,579.78,2026-04-21T19:52:28.856995+00:00,bronze_GSE251849.csv,GSE251849,,1.396,NOS0001
E2F2,1870,E2F transcription factor 2,0.000868,0.0407564,1.04638,3.33005,58.98,2026-04-21T19:52:28.856995+00:00,bronze_GSE251849.csv,GSE251849,,1.39,NOS0001
LINC00853,100874253,long intergenic non-protein coding RNA 853,0.000858,0.0407564,2.02065,3.33324,27.33,2026-04-21T19:52:28.856995+00:00,bronze_GSE251849.csv,GSE251849,,1.39,NOS0001
RAPH1,65059,Ras association (RalGDS/AF-6) and pleckstrin homology domains 1,0.000863,0.0407564,-2.46735,-3.33188,47.36,2026-04-21T19:52:28.856995+00:00,bronze_GSE251849.csv,GSE251849,,1.39,NOS0001
ELOVL7,79993,ELOVL fatty acid elongase 7,0.00087,0.0407564,1.51917,3.32965,69.33,2026-04-21T19:52:28.856995+00:00,bronze_GSE251849.csv,GSE251849,,1.39,NOS0001
AQP10,89872,aquaporin 10,0.00088,0.0410224,1.62468,3.32621,106.61,2026-04-21T19:52:28.856995+00:00,bronze_GSE251849.csv,GSE251849,,1.387,NOS0001
METRNL,284207,"meteorin like, glial cell differentiation regulator",0.000886,0.0411458,-1.90328,-3.32456,827.88,2026-04-21T19:52:28.856995+00:00,bronze_GSE251849.csv,GSE251849,,1.386,NOS0001
IGHV2-26,28455,immunoglobulin heavy variable 2-26,0.000889,0.0411636,1.42125,3.32363,74.14,2026-04-21T19:52:28.856995+00:00,bronze_GSE251849.csv,GSE251849,,1.385,NOS0001
BCL3,602,BCL3 transcription coactivator,0.000895,0.0413578,-1.75767,-3.3215,1645.12,2026-04-21T19:52:28.856995+00:00,bronze_GSE251849.csv,GSE251849,,1.383,NOS0001
PIGA,5277,phosphatidylinositol glycan anchor biosynthesis class A,0.000898,0.0413578,-1.48827,-3.32071,156.68,2026-04-21T19:52:28.856995+00:00,bronze_GSE251849.csv,GSE251849,,1.383,NOS0001
KLF9,687,KLF transcription factor 9,0.000908,0.0415697,-1.36698,-3.31767,108.72,2026-04-21T19:52:28.856995+00:00,bronze_GSE251849.csv,GSE251849,,1.381,NOS0001
LTBP1,4052,latent transforming growth factor beta binding protein 1,0.000927,0.0419436,1.62708,3.31169,270.37,2026-04-21T19:52:28.856995+00:00,bronze_GSE251849.csv,GSE251849,,1.377,NOS0001
TRIM69,140691,tripartite motif containing 69,0.000927,0.0419436,1.01465,3.31168,30.77,2026-04-21T19:52:28.856995+00:00,bronze_GSE251849.csv,GSE251849,,1.377,NOS0001
LGALSL,29094,galectin like,0.000951,0.0428079,1.1677,3.30469,76.0,2026-04-21T19:52:28.856995+00:00,bronze_GSE251849.csv,GSE251849,,1.368,NOS0001
EMP1,2012,epithelial membrane protein 1,0.000961,0.0431562,-2.98178,-3.30163,238.61,2026-04-21T19:52:28.856995+00:00,bronze_GSE251849.csv,GSE251849,,1.365,NOS0001
CXCR2P1,3580,C-X-C motif chemokine receptor 2 pseudogene 1,0.000972,0.0434038,1.07531,3.29864,1303.86,2026-04-21T19:52:28.856995+00:00,bronze_GSE251849.csv,GSE251849,,1.362,NOS0001
IGHV5-51,28388,immunoglobulin heavy variable 5-51,0.000972,0.0434038,1.18867,3.29845,420.98,2026-04-21T19:52:28.856995+00:00,bronze_GSE251849.csv,GSE251849,,1.362,NOS0001
IRF2BP2,359948,interferon regulatory factor 2 binding protein 2,0.000997,0.0442712,-1.28417,-3.29133,1972.41,2026-04-21T19:52:28.856995+00:00,bronze_GSE251849.csv,GSE251849,,1.354,NOS0001
PFKFB3,5209,"6-phosphofructo-2-kinase/fructose-2,6-biphosphatase 3",0.00101,0.0445667,-1.86792,-3.28789,819.18,2026-04-21T19:52:28.856995+00:00,bronze_GSE251849.csv,GSE251849,,1.351,NOS0001
PHLDB1,23187,pleckstrin homology like domain family B member 1,0.00102,0.044678,-2.77118,-3.28487,39.75,2026-04-21T19:52:28.856995+00:00,bronze_GSE251849.csv,GSE251849,,1.35,NOS0001
DNAJB7,150353,DnaJ heat shock protein family (Hsp40) member B7,0.00102,0.044678,-1.05959,-3.28561,17.3,2026-04-21T19:52:28.856995+00:00,bronze_GSE251849.csv,GSE251849,,1.35,NOS0001
XK,7504,"X-linked Kx blood group antigen, Kell and VPS13A binding protein",0.00101,0.044678,1.45322,3.28637,30.63,2026-04-21T19:52:28.856995+00:00,bronze_GSE251849.csv,GSE251849,,1.35,NOS0001
H2BC4,8347,H2B clustered histone 4,0.00102,0.044716,1.09207,3.28386,119.81,2026-04-21T19:52:28.856995+00:00,bronze_GSE251849.csv,GSE251849,,1.35,NOS0001
GSDMA,284110,gasdermin A,0.00104,0.0453039,2.07614,3.2794,16.28,2026-04-21T19:52:28.856995+00:00,bronze_GSE251849.csv,GSE251849,,1.344,NOS0001
C2orf74-DT,339803,C2orf74 divergent transcript,0.00104,0.0453674,1.17809,3.27824,22.38,2026-04-21T19:52:28.856995+00:00,bronze_GSE251849.csv,GSE251849,,1.343,NOS0001
CSRNP1,64651,cysteine and serine rich nuclear protein 1,0.00108,0.046602,-2.4602,-3.26836,3053.54,2026-04-21T19:52:28.856995+00:00,bronze_GSE251849.csv,GSE251849,,1.332,NOS0001
TROAP,10024,trophinin associated protein,0.00109,0.0466959,1.54494,3.26703,19.0,2026-04-21T19:52:28.856995+00:00,bronze_GSE251849.csv,GSE251849,,1.331,NOS0001
PLAUR,5329,"plasminogen activator, urokinase receptor",0.00111,0.0473075,-2.29529,-3.26172,9126.69,2026-04-21T19:52:28.856995+00:00,bronze_GSE251849.csv,GSE251849,,1.325,NOS0001
TRAPPC3L,100128327,trafficking protein particle complex subunit 3L,0.00112,0.0474103,1.51442,3.25865,46.91,2026-04-21T19:52:28.856995+00:00,bronze_GSE251849.csv,GSE251849,,1.324,NOS0001
SELP,6403,selectin P,0.00113,0.0474116,1.37716,3.25608,545.14,2026-04-21T19:52:28.856995+00:00,bronze_GSE251849.csv,GSE251849,,1.324,NOS0001
CCNB2,9133,cyclin B2,0.00113,0.0474116,1.95963,3.25651,51.3,2026-04-21T19:52:28.856995+00:00,bronze_GSE251849.csv,GSE251849,,1.324,NOS0001
GCK,2645,glucokinase,0.00115,0.0477478,-1.69634,-3.25096,24.91,2026-04-21T19:52:28.856995+00:00,bronze_GSE251849.csv,GSE251849,,1.321,NOS0001
DDIT3,1649,DNA damage inducible transcript 3,0.00115,0.0477478,-1.82575,-3.25126,1183.72,2026-04-21T19:52:28.856995+00:00,bronze_GSE251849.csv,GSE251849,,1.321,NOS0001
CCR10,2826,C-C motif chemokine receptor 10,0.00116,0.0478065,1.12149,3.24914,33.12,2026-04-21T19:52:28.856995+00:00,bronze_GSE251849.csv,GSE251849,,1.321,NOS0001
PPP1R2C,80316,PPP1R2C family member C,0.00115,0.0478065,-4.38331,-3.24983,29.33,2026-04-21T19:52:28.856995+00:00,bronze_GSE251849.csv,GSE251849,,1.321,NOS0001
DYNLT4,343521,dynein light chain Tctex-type 4,0.00118,0.0483069,-1.44216,-3.24291,168.46,2026-04-21T19:52:28.856995+00:00,bronze_GSE251849.csv,GSE251849,,1.316,NOS0001
H2BC21,8349,H2B clustered histone 21,0.00118,0.0483069,1.1305,3.24336,731.33,2026-04-21T19:52:28.856995+00:00,bronze_GSE251849.csv,GSE251849,,1.316,NOS0001
G0S2,50486,G0/G1 switch 2,0.00118,0.0483069,-3.26654,-3.24252,2157.66,2026-04-21T19:52:28.856995+00:00,bronze_GSE251849.csv,GSE251849,,1.316,NOS0001
KDM6B,23135,lysine demethylase 6B,0.00118,0.0483069,-2.35556,-3.24378,546.93,2026-04-21T19:52:28.856995+00:00,bronze_GSE251849.csv,GSE251849,,1.316,NOS0001
ARHGAP6,395,Rho GTPase activating protein 6,0.00118,0.0483069,1.60801,3.2439,38.13,2026-04-21T19:52:28.856995+00:00,bronze_GSE251849.csv,GSE251849,,1.316,NOS0001
IL1R1,3554,interleukin 1 receptor type 1,0.00122,0.0494192,-2.14036,-3.2342,47.34,2026-04-21T19:52:28.856995+00:00,bronze_GSE251849.csv,GSE251849,,1.306,NOS0001
TNFRSF21,27242,TNF receptor superfamily member 21,0.00124,0.0498376,-1.06401,-3.22928,122.84,2026-04-21T19:52:28.856995+00:00,bronze_GSE251849.csv,GSE251849,,1.302,NOS0001
ESAM,90952,endothelial cell adhesion molecule,0.00124,0.0498376,1.33222,3.22994,669.49,2026-04-21T19:52:28.856995+00:00,bronze_GSE251849.csv,GSE251849,,1.302,NOS0001
IGLV3-9,28804,immunoglobulin lambda variable 3-9,0.00125,0.0499152,1.64946,3.22726,81.25,2026-04-21T19:52:28.856995+00:00,bronze_GSE251849.csv,GSE251849,,1.302,NOS0001
ARID5A,10865,AT-rich interaction domain 5A,0.00126,0.049928,-1.7495,-3.2259,4971.87,2026-04-21T19:52:28.856995+00:00,bronze_GSE251849.csv,GSE251849,,1.302,NOS0001
